datestamp,itemname,volume
2018-09-25,K,0
2018-09-25,L,0
2018-09-26,K,0
2018-09-26,L,0
2018-09-27,K,0
2018-09-27,L,0
2018-09-28,K,0
2018-09-28,L,0
2018-09-29,K,0
2018-09-29,L,0
2018-09-30,K,0
2018-09-30,L,0
2018-10-01,K,0
2018-10-01,L,0
2018-10-02,K,0
2018-10-03,K,0
2018-10-03,L,0
2018-10-04,K,0
2018-10-04,L,0
2018-10-05,K,0
2018-10-05,L,0
2018-10-06,K,0
2018-10-06,L,0
2018-10-07,K,0
2018-10-07,L,0
2018-10-08,K,0
2018-10-08,L,0
2018-10-09,K,0
2018-10-09,L,2
2018-10-10,K,0
2018-10-10,L,0
2018-10-11,K,0
2018-10-11,L,0
2018-10-12,K,0
2018-10-12,L,0
2018-10-13,K,0
2018-10-13,L,0
2018-10-14,K,0
2018-10-14,L,0
2018-10-15,K,0
2018-10-15,L,0
2018-10-16,K,0
2018-10-16,L,0
2018-10-17,K,0
2018-10-17,L,0
2018-10-18,K,0
2018-10-18,L,0
2018-10-19,K,0
2018-10-19,L,0
2018-10-20,K,0
2018-10-20,L,0
2018-10-21,K,0
2018-10-21,L,0
2018-10-22,K,0
2018-10-22,L,0
2018-10-23,K,0
2018-10-23,L,0
2018-10-24,K,0
2018-10-24,L,0
2018-10-25,K,0
2018-10-25,L,0
2018-10-26,K,0
2018-10-26,L,0
2018-10-27,K,0
2018-10-27,L,0
2018-10-28,K,0
2018-10-28,L,0
2018-10-29,K,0
2018-10-29,L,0
2018-10-30,K,0
2018-10-30,L,0
2018-10-31,K,0
2018-10-31,L,1
2018-11-01,K,0
2018-11-01,L,0
2018-11-02,K,0
2018-11-02,L,0
2018-11-04,K,0
2018-11-04,L,0
2018-11-05,K,0
2018-11-05,L,0
2018-11-06,K,0
2018-11-06,L,0
2018-11-07,K,0
2018-11-07,L,0
2018-11-08,K,0
2018-11-08,L,0
2018-11-09,K,0
2018-11-09,L,0
2018-11-10,K,0
2018-11-10,L,0
2018-11-11,K,0
2018-11-11,L,0
2018-11-12,K,0
2018-11-12,L,1
2018-11-13,K,0
2018-11-13,L,0
2018-11-14,K,0
2018-11-14,L,0
2018-11-15,K,0
2018-11-15,L,0
2018-11-16,K,0
2018-11-16,L,0
2018-11-17,K,0
2018-11-17,L,0
2018-11-18,K,0
2018-11-18,L,0
2018-11-19,K,0
2018-11-19,L,0
2018-11-20,K,0
2018-11-20,L,1
2018-11-21,K,0
2018-11-21,L,0
2018-11-22,K,0
2018-11-22,L,0
2018-11-23,K,0
2018-11-23,L,0
2018-11-24,K,0
2018-11-24,L,0
2018-11-25,K,0
2018-11-25,L,0
2018-11-26,K,0
2018-11-26,L,0
2018-11-27,K,0
2018-11-27,L,0
2018-11-28,K,0
2018-11-28,L,0
2018-11-29,K,0
2018-11-29,L,1
2018-11-30,K,0
2018-11-30,L,0
2018-12-02,K,0
2018-12-02,L,0
2018-12-03,K,0
2018-12-03,L,0
2018-12-04,K,0
2018-12-04,L,0
2018-12-05,K,0
2018-12-05,L,0
2018-12-06,K,0
2018-12-06,L,0
2018-12-08,K,0
2018-12-08,L,0
2018-12-10,K,0
2018-12-10,M,0
2018-12-10,N,0
2018-12-10,J,22
2018-12-10,O,0
2018-12-10,P,0
2018-12-10,L,0
2018-12-11,K,0
2018-12-11,M,0
2018-12-11,N,0
2018-12-11,J,72
2018-12-11,O,0
2018-12-11,P,0
2018-12-11,L,0
2018-12-12,K,0
2018-12-12,M,0
2018-12-12,N,0
2018-12-12,J,84
2018-12-12,O,0
2018-12-12,P,5
2018-12-12,L,0
2018-12-13,K,0
2018-12-13,M,0
2018-12-13,N,0
2018-12-13,J,92
2018-12-13,O,4
2018-12-13,P,1
2018-12-14,K,0
2018-12-14,M,0
2018-12-14,N,1
2018-12-14,J,48
2018-12-14,O,2
2018-12-14,P,0
2018-12-14,L,0
2018-12-15,K,0
2018-12-15,M,0
2018-12-15,N,0
2018-12-15,J,44
2018-12-15,O,0
2018-12-15,P,0
2018-12-15,L,0
2018-12-16,K,0
2018-12-16,M,0
2018-12-16,N,0
2018-12-16,J,4
2018-12-16,O,0
2018-12-16,P,0
2018-12-16,L,0
2018-12-17,K,0
2018-12-17,M,5
2018-12-17,N,0
2018-12-17,J,20
2018-12-17,O,1
2018-12-17,P,0
2018-12-17,L,0
2018-12-18,K,0
2018-12-18,M,0
2018-12-18,N,0
2018-12-18,J,68
2018-12-18,O,0
2018-12-18,P,0
2018-12-18,L,0
2018-12-19,K,0
2018-12-19,M,0
2018-12-19,N,0
2018-12-19,J,52
2018-12-19,O,0
2018-12-19,P,0
2018-12-19,L,0
2018-12-20,K,0
2018-12-20,M,2
2018-12-20,N,0
2018-12-20,J,50
2018-12-20,O,0
2018-12-20,P,0
2018-12-20,L,1
2018-12-21,K,0
2018-12-21,M,199
2018-12-21,N,0
2018-12-21,J,74
2018-12-21,O,0
2018-12-21,P,0
2018-12-21,L,0
2018-12-22,K,0
2018-12-22,M,0
2018-12-22,N,0
2018-12-22,J,84
2018-12-22,O,0
2018-12-22,P,0
2018-12-22,L,0
2018-12-23,K,0
2018-12-23,M,0
2018-12-23,N,6
2018-12-23,J,50
2018-12-23,O,0
2018-12-23,P,0
2018-12-23,L,0
2018-12-24,K,0
2018-12-24,M,0
2018-12-24,N,3
2018-12-24,J,20
2018-12-24,O,1
2018-12-24,P,0
2018-12-24,L,0
2018-12-25,K,0
2018-12-25,M,18
2018-12-25,N,2
2018-12-25,J,68
2018-12-25,O,0
2018-12-25,P,0
2018-12-25,L,0
2018-12-26,K,0
2018-12-26,M,250
2018-12-26,N,12
2018-12-26,J,46
2018-12-26,O,0
2018-12-26,P,0
2018-12-26,L,0
2018-12-27,K,2
2018-12-27,M,12
2018-12-27,N,7
2018-12-27,J,91
2018-12-27,O,1
2018-12-27,P,1
2018-12-27,L,0
2018-12-28,K,0
2018-12-28,M,0
2018-12-28,N,1
2018-12-28,J,36
2018-12-28,O,0
2018-12-28,P,0
2018-12-28,L,0
2018-12-29,K,0
2018-12-29,M,0
2018-12-29,N,52
2018-12-29,J,125
2018-12-29,O,0
2018-12-29,P,1
2018-12-29,L,0
2018-12-30,K,0
2018-12-30,M,0
2018-12-30,N,0
2018-12-30,J,46
2018-12-30,O,0
2018-12-30,P,0
2018-12-30,L,0
2018-12-31,K,0
2018-12-31,M,0
2018-12-31,N,0
2018-12-31,J,90
2018-12-31,O,1
2018-12-31,P,0
2018-12-31,L,0
2019-01-01,K,0
2019-01-01,M,9
2019-01-01,N,1
2019-01-01,J,1
2019-01-01,O,0
2019-01-01,P,0
2019-01-01,L,0
2019-01-02,K,0
2019-01-02,M,0
2019-01-02,N,0
2019-01-02,J,0
2019-01-02,O,0
2019-01-02,P,1
2019-01-02,L,0
2019-01-03,K,1
2019-01-03,M,0
2019-01-03,N,0
2019-01-03,J,335
2019-01-03,O,0
2019-01-03,P,0
2019-01-03,L,0
2019-01-04,K,0
2019-01-04,M,0
2019-01-04,N,1
2019-01-04,J,0
2019-01-04,O,0
2019-01-04,P,0
2019-01-04,L,0
2019-01-05,K,0
2019-01-05,M,0
2019-01-05,N,0
2019-01-05,J,0
2019-01-05,O,1
2019-01-05,P,1
2019-01-05,L,0
2019-01-06,K,0
2019-01-06,M,0
2019-01-06,N,0
2019-01-06,J,50
2019-01-06,O,0
2019-01-06,P,0
2019-01-06,L,0
2019-01-07,K,0
2019-01-07,M,0
2019-01-07,N,0
2019-01-07,J,190
2019-01-07,O,0
2019-01-07,P,0
2019-01-07,L,0
2019-01-09,K,0
2019-01-09,M,0
2019-01-09,N,0
2019-01-09,J,0
2019-01-09,O,1
2019-01-09,P,0
2019-01-09,L,0
2019-01-11,K,0
2019-01-11,M,0
2019-01-11,N,0
2019-01-11,J,0
2019-01-11,O,0
2019-01-11,P,0
2019-01-11,L,0
2019-01-12,K,0
2019-01-12,M,0
2019-01-12,N,0
2019-01-12,J,171
2019-01-12,O,3
2019-01-12,P,0
2019-01-12,L,0
2019-01-13,K,0
2019-01-13,M,1
2019-01-13,N,0
2019-01-13,J,0
2019-01-13,O,0
2019-01-13,P,0
2019-01-13,L,0
2019-01-14,K,0
2019-01-14,M,1000
2019-01-14,N,0
2019-01-14,J,0
2019-01-14,O,3
2019-01-14,P,0
2019-01-14,L,0
2019-01-15,K,0
2019-01-15,M,10000
2019-01-15,N,0
2019-01-15,J,0
2019-01-15,O,1
2019-01-15,P,0
2019-01-15,L,0
2019-01-16,K,0
2019-01-16,M,0
2019-01-16,N,0
2019-01-16,J,1
2019-01-16,O,0
2019-01-16,P,0
2019-01-16,L,0
2019-01-17,K,0
2019-01-17,M,0
2019-01-17,N,0
2019-01-17,J,0
2019-01-17,O,0
2019-01-17,P,0
2019-01-17,L,0
2019-01-18,K,0
2019-01-18,M,16
2019-01-18,N,1
2019-01-18,J,2
2019-01-18,O,1
2019-01-18,P,1
2019-01-18,L,0
2019-01-19,K,0
2019-01-19,M,16
2019-01-19,N,0
2019-01-19,J,310
2019-01-19,O,1
2019-01-19,P,1
2019-01-19,L,0
2019-01-20,K,0
2019-01-20,M,0
2019-01-20,N,0
2019-01-20,J,0
2019-01-20,O,0
2019-01-20,P,0
2019-01-20,L,1
2019-01-21,K,0
2019-01-21,M,0
2019-01-21,N,0
2019-01-21,J,0
2019-01-21,O,0
2019-01-21,P,2
2019-01-21,L,4
2019-01-22,K,0
2019-01-22,M,0
2019-01-22,N,0
2019-01-22,J,10
2019-01-22,O,0
2019-01-22,P,0
2019-01-22,L,0
2019-01-23,K,0
2019-01-23,M,10
2019-01-23,N,0
2019-01-23,J,0
2019-01-23,O,0
2019-01-23,P,1
2019-01-23,L,0
2019-01-24,K,0
2019-01-24,M,1
2019-01-24,N,0
2019-01-24,J,0
2019-01-24,O,1
2019-01-24,P,0
2019-01-24,L,1
2019-01-25,K,0
2019-01-25,M,0
2019-01-25,N,1
2019-01-25,J,0
2019-01-25,O,0
2019-01-25,P,1
2019-01-25,L,0
2019-01-26,K,0
2019-01-26,M,4
2019-01-26,N,0
2019-01-26,J,0
2019-01-26,O,1
2019-01-26,P,1
2019-01-26,L,0
2019-01-27,K,0
2019-01-27,M,0
2019-01-27,N,0
2019-01-27,J,2
2019-01-27,O,0
2019-01-27,P,0
2019-01-27,L,0
2019-01-28,K,0
2019-01-28,M,30
2019-01-28,N,0
2019-01-28,J,0
2019-01-28,O,0
2019-01-28,P,0
2019-01-28,L,0
2019-01-29,K,0
2019-01-29,M,0
2019-01-29,N,0
2019-01-29,J,0
2019-01-29,O,0
2019-01-29,P,0
2019-01-29,L,0
2019-01-30,K,0
2019-01-30,M,0
2019-01-30,N,3
2019-01-30,J,0
2019-01-30,O,0
2019-01-30,P,0
2019-01-30,L,0
2019-01-31,K,0
2019-01-31,M,300
2019-01-31,N,0
2019-01-31,J,0
2019-01-31,O,0
2019-01-31,P,0
2019-01-31,L,0
2019-02-01,K,0
2019-02-01,M,216
2019-02-01,N,1
2019-02-01,J,1
2019-02-01,O,0
2019-02-01,P,0
2019-02-01,L,0
2019-02-02,K,1
2019-02-02,M,15
2019-02-02,N,0
2019-02-02,J,1
2019-02-02,O,1
2019-02-02,P,2
2019-02-02,L,1
2019-02-03,K,0
2019-02-03,M,2
2019-02-03,N,0
2019-02-03,J,0
2019-02-03,O,0
2019-02-03,P,0
2019-02-03,L,0
2019-02-04,K,0
2019-02-04,M,8
2019-02-04,N,0
2019-02-04,J,0
2019-02-04,O,0
2019-02-04,P,0
2019-02-04,L,0
2019-02-05,K,0
2019-02-05,M,0
2019-02-05,N,0
2019-02-05,J,0
2019-02-05,O,0
2019-02-05,P,0
2019-02-05,L,0
2019-02-06,K,0
2019-02-06,M,0
2019-02-06,N,0
2019-02-06,J,0
2019-02-06,O,1
2019-02-06,P,0
2019-02-06,L,0
2019-02-07,K,0
2019-02-07,M,0
2019-02-07,N,0
2019-02-07,J,0
2019-02-07,O,0
2019-02-07,P,0
2019-02-07,L,1
2019-02-08,K,1
2019-02-08,M,12
2019-02-08,N,0
2019-02-08,J,0
2019-02-08,O,1
2019-02-08,P,0
2019-02-08,L,0
2019-02-09,K,0
2019-02-09,M,0
2019-02-09,N,0
2019-02-09,J,0
2019-02-09,O,0
2019-02-09,P,0
2019-02-09,L,0
2019-02-10,K,0
2019-02-10,M,0
2019-02-10,N,0
2019-02-10,J,0
2019-02-10,O,0
2019-02-10,P,0
2019-02-10,L,0
2019-02-11,K,0
2019-02-11,M,1
2019-02-11,N,0
2019-02-11,J,0
2019-02-11,O,0
2019-02-11,P,0
2019-02-11,L,0
2019-02-12,K,0
2019-02-12,M,4
2019-02-12,N,0
2019-02-12,J,0
2019-02-12,O,0
2019-02-12,P,0
2019-02-12,L,0
2019-02-13,K,0
2019-02-13,M,0
2019-02-13,N,0
2019-02-13,J,0
2019-02-13,O,0
2019-02-13,P,0
2019-02-13,L,0
2019-02-14,K,0
2019-02-14,M,0
2019-02-14,N,2
2019-02-14,J,0
2019-02-14,O,0
2019-02-14,P,0
2019-02-14,L,0
2019-02-15,K,0
2019-02-15,M,12
2019-02-15,N,0
2019-02-15,J,0
2019-02-15,O,0
2019-02-15,P,0
2019-02-15,L,1
2019-02-16,K,0
2019-02-16,M,0
2019-02-16,N,0
2019-02-16,J,1
2019-02-16,O,1
2019-02-16,P,0
2019-02-16,L,0
2019-02-17,K,0
2019-02-17,M,0
2019-02-17,N,0
2019-02-17,J,0
2019-02-17,O,0
2019-02-17,P,0
2019-02-17,L,0
2019-02-18,K,0
2019-02-18,M,0
2019-02-18,N,1
2019-02-18,J,0
2019-02-18,O,0
2019-02-18,P,0
2019-02-18,L,0
2019-02-19,K,0
2019-02-19,M,0
2019-02-19,N,0
2019-02-19,J,0
2019-02-19,O,1
2019-02-19,P,0
2019-02-19,L,0
2019-02-20,K,0
2019-02-20,M,0
2019-02-20,N,0
2019-02-20,J,0
2019-02-20,O,0
2019-02-20,P,2
2019-02-20,L,0
2019-02-21,K,0
2019-02-21,M,0
2019-02-21,N,1
2019-02-21,J,0
2019-02-21,O,0
2019-02-21,P,0
2019-02-21,L,0
2019-02-22,K,0
2019-02-22,M,0
2019-02-22,N,0
2019-02-22,J,0
2019-02-22,O,0
2019-02-22,P,0
2019-02-22,L,0
2019-02-23,K,0
2019-02-23,M,0
2019-02-23,N,1
2019-02-23,J,0
2019-02-23,O,0
2019-02-23,P,0
2019-02-23,L,0
2019-02-24,K,0
2019-02-24,M,0
2019-02-24,N,0
2019-02-24,J,0
2019-02-24,O,0
2019-02-24,P,0
2019-02-24,L,0
2019-02-25,K,0
2019-02-25,M,0
2019-02-25,N,0
2019-02-25,J,0
2019-02-25,O,0
2019-02-25,P,0
2019-02-25,L,0
2019-02-26,K,0
2019-02-26,M,0
2019-02-26,N,40
2019-02-26,J,0
2019-02-26,O,0
2019-02-26,P,0
2019-02-26,L,0
2019-02-27,K,0
2019-02-27,M,0
2019-02-27,N,0
2019-02-27,J,0
2019-02-27,O,0
2019-02-27,P,0
2019-02-27,L,0
2019-02-28,K,0
2019-02-28,M,0
2019-02-28,N,0
2019-02-28,J,0
2019-02-28,O,0
2019-02-28,P,0
2019-02-28,L,0
2019-03-01,K,0
2019-03-01,M,0
2019-03-01,N,0
2019-03-01,J,0
2019-03-01,O,0
2019-03-01,P,0
2019-03-01,L,0
2019-03-02,K,0
2019-03-02,M,0
2019-03-02,N,0
2019-03-02,J,0
2019-03-02,O,0
2019-03-02,P,0
2019-03-02,L,0
2019-03-03,K,0
2019-03-03,M,0
2019-03-03,N,6
2019-03-03,J,0
2019-03-03,O,0
2019-03-03,P,0
2019-03-03,L,0
2019-03-04,K,0
2019-03-04,M,0
2019-03-04,N,96
2019-03-04,J,0
2019-03-04,O,0
2019-03-04,P,2
2019-03-04,L,0
2019-03-05,K,0
2019-03-05,M,0
2019-03-05,N,0
2019-03-05,J,400
2019-03-05,O,0
2019-03-05,P,0
2019-03-05,L,0
2019-03-06,K,0
2019-03-06,M,0
2019-03-06,N,0
2019-03-06,J,0
2019-03-06,O,0
2019-03-06,P,0
2019-03-06,L,0
2019-03-07,K,0
2019-03-07,M,0
2019-03-07,N,0
2019-03-07,J,693
2019-03-07,O,0
2019-03-07,P,1
2019-03-07,L,0
2019-03-08,K,0
2019-03-08,M,0
2019-03-08,N,1
2019-03-08,J,0
2019-03-08,O,0
2019-03-08,P,0
2019-03-08,L,0
2019-03-09,K,0
2019-03-09,M,8
2019-03-09,N,0
2019-03-09,J,0
2019-03-09,O,0
2019-03-09,P,0
2019-03-09,L,0
2019-03-10,K,0
2019-03-10,M,0
2019-03-10,N,400
2019-03-10,J,0
2019-03-10,O,0
2019-03-10,P,0
2019-03-10,L,0
2019-03-11,K,0
2019-03-11,M,0
2019-03-11,N,1701
2019-03-11,J,0
2019-03-11,O,0
2019-03-11,P,0
2019-03-11,L,0
2019-03-12,K,0
2019-03-12,M,0
2019-03-12,N,600
2019-03-12,J,0
2019-03-12,O,0
2019-03-12,P,0
2019-03-12,L,5
2019-03-13,K,0
2019-03-13,M,0
2019-03-13,N,0
2019-03-13,J,200
2019-03-13,O,0
2019-03-13,P,0
2019-03-13,L,0
2019-03-14,K,0
2019-03-14,M,0
2019-03-14,N,0
2019-03-14,J,0
2019-03-14,O,0
2019-03-14,P,0
2019-03-14,L,0
2019-03-15,K,1
2019-03-15,M,0
2019-03-15,N,0
2019-03-15,J,0
2019-03-15,O,0
2019-03-15,P,0
2019-03-15,L,1
2019-03-16,K,3
2019-03-16,M,0
2019-03-16,N,0
2019-03-16,J,0
2019-03-16,O,0
2019-03-16,P,0
2019-03-16,L,0
2019-03-17,K,0
2019-03-17,M,73
2019-03-17,N,12
2019-03-17,J,0
2019-03-17,O,0
2019-03-17,P,0
2019-03-17,L,0
2019-03-18,K,0
2019-03-18,M,3
2019-03-18,N,0
2019-03-18,J,0
2019-03-18,O,0
2019-03-18,P,0
2019-03-18,L,0
2019-03-19,K,0
2019-03-19,M,0
2019-03-19,N,0
2019-03-19,J,0
2019-03-19,O,0
2019-03-19,P,0
2019-03-19,L,0
2019-03-20,K,0
2019-03-20,M,0
2019-03-20,N,0
2019-03-20,J,0
2019-03-20,O,0
2019-03-20,P,0
2019-03-20,L,0
2019-03-21,K,0
2019-03-21,M,9
2019-03-21,N,58
2019-03-21,J,201
2019-03-21,O,0
2019-03-21,P,0
2019-03-21,L,0
2019-03-22,K,0
2019-03-22,M,1
2019-03-22,N,0
2019-03-22,J,1001
2019-03-22,O,0
2019-03-22,P,0
2019-03-22,L,0
2019-03-23,K,0
2019-03-23,M,37
2019-03-23,N,2
2019-03-23,J,0
2019-03-23,O,0
2019-03-23,P,0
2019-03-23,L,0
2019-03-24,K,0
2019-03-24,M,0
2019-03-24,N,150
2019-03-24,J,0
2019-03-24,O,0
2019-03-24,P,0
2019-03-24,L,0
2019-03-25,K,0
2019-03-25,M,0
2019-03-25,N,0
2019-03-25,J,0
2019-03-25,O,0
2019-03-25,P,0
2019-03-25,L,0
2019-03-26,K,0
2019-03-26,M,2
2019-03-26,N,1486
2019-03-26,J,0
2019-03-26,O,0
2019-03-26,P,0
2019-03-26,L,0
2019-03-27,K,0
2019-03-27,M,0
2019-03-27,N,216
2019-03-27,J,0
2019-03-27,O,0
2019-03-27,P,0
2019-03-27,L,0
2019-03-28,K,0
2019-03-28,M,3
2019-03-28,N,958
2019-03-28,J,0
2019-03-28,O,0
2019-03-28,P,0
2019-03-28,L,1
2019-03-29,K,0
2019-03-29,M,6
2019-03-29,N,1110
2019-03-29,J,0
2019-03-29,O,4
2019-03-29,P,2
2019-03-29,L,0
2019-03-30,K,0
2019-03-30,M,0
2019-03-30,N,0
2019-03-30,J,0
2019-03-30,O,0
2019-03-30,P,0
2019-03-30,L,0
2019-03-31,K,0
2019-03-31,M,0
2019-03-31,N,202
2019-03-31,J,0
2019-03-31,O,1
2019-03-31,P,0
2019-03-31,L,0
2019-04-01,K,0
2019-04-01,M,0
2019-04-01,N,0
2019-04-01,J,0
2019-04-01,O,0
2019-04-01,P,0
2019-04-01,L,0
2019-04-02,K,4
2019-04-02,M,0
2019-04-02,N,1088
2019-04-02,J,0
2019-04-02,O,2
2019-04-02,P,0
2019-04-02,L,0
2019-04-03,K,0
2019-04-03,M,0
2019-04-03,N,0
2019-04-03,J,0
2019-04-03,O,0
2019-04-03,P,0
2019-04-03,L,0
2019-04-04,K,0
2019-04-04,M,0
2019-04-04,N,2200
2019-04-04,J,0
2019-04-04,O,0
2019-04-04,P,0
2019-04-04,L,0
2019-04-05,K,0
2019-04-05,M,0
2019-04-05,N,0
2019-04-05,J,600
2019-04-05,O,1
2019-04-05,P,0
2019-04-05,L,2
2019-04-06,K,0
2019-04-06,M,0
2019-04-06,N,0
2019-04-06,J,0
2019-04-06,O,0
2019-04-06,P,0
2019-04-06,L,1
2019-04-07,K,0
2019-04-07,M,0
2019-04-07,N,500
2019-04-07,J,0
2019-04-07,O,0
2019-04-07,P,1
2019-04-07,L,2
2019-04-08,K,0
2019-04-08,M,0
2019-04-08,N,448
2019-04-08,J,0
2019-04-08,O,0
2019-04-08,P,0
2019-04-08,L,0
2019-04-09,K,1
2019-04-09,M,0
2019-04-09,N,600
2019-04-09,J,0
2019-04-09,O,0
2019-04-09,P,0
2019-04-09,L,1
2019-04-10,K,1
2019-04-10,M,0
2019-04-10,N,0
2019-04-10,J,0
2019-04-10,O,0
2019-04-10,P,0
2019-04-10,L,3
2019-04-11,K,0
2019-04-11,M,0
2019-04-11,N,0
2019-04-11,J,0
2019-04-11,O,0
2019-04-11,P,0
2019-04-11,L,3
2019-04-12,K,0
2019-04-12,M,0
2019-04-12,N,600
2019-04-12,J,0
2019-04-12,O,0
2019-04-12,P,0
2019-04-12,L,2
2019-04-13,K,0
2019-04-13,M,9
2019-04-13,N,493
2019-04-13,J,0
2019-04-13,O,0
2019-04-13,P,0
2019-04-13,L,2
2019-04-14,K,0
2019-04-14,M,0
2019-04-14,N,0
2019-04-14,J,0
2019-04-14,O,0
2019-04-14,P,0
2019-04-14,L,0
2019-04-15,K,0
2019-04-15,M,0
2019-04-15,N,0
2019-04-15,J,0
2019-04-15,O,0
2019-04-15,P,0
2019-04-15,L,0
2019-04-16,K,0
2019-04-16,M,0
2019-04-16,N,0
2019-04-16,J,0
2019-04-16,O,0
2019-04-16,P,0
2019-04-16,L,1
2019-04-17,K,0
2019-04-17,M,0
2019-04-17,N,0
2019-04-17,J,0
2019-04-17,O,0
2019-04-17,P,0
2019-04-17,L,0
2019-04-18,K,0
2019-04-18,M,0
2019-04-18,N,0
2019-04-18,J,0
2019-04-18,O,0
2019-04-18,P,0
2019-04-18,L,3
2019-04-19,K,0
2019-04-19,M,0
2019-04-19,N,0
2019-04-19,J,0
2019-04-19,O,0
2019-04-19,P,0
2019-04-19,L,1
2019-04-20,K,0
2019-04-20,M,0
2019-04-20,N,0
2019-04-20,J,0
2019-04-20,O,0
2019-04-20,P,0
2019-04-20,L,2
2019-04-21,K,0
2019-04-21,M,0
2019-04-21,N,0
2019-04-21,J,0
2019-04-21,O,0
2019-04-21,P,0
2019-04-21,L,0
2019-04-22,K,0
2019-04-22,M,0
2019-04-22,N,0
2019-04-22,J,0
2019-04-22,O,0
2019-04-22,P,0
2019-04-22,L,0
2019-04-23,K,0
2019-04-23,M,0
2019-04-23,N,0
2019-04-23,J,0
2019-04-23,O,1
2019-04-23,P,0
2019-04-23,L,0
2019-04-24,K,0
2019-04-24,M,5
2019-04-24,N,0
2019-04-24,J,0
2019-04-24,O,0
2019-04-24,P,0
2019-04-24,L,0
2019-04-25,K,1
2019-04-25,M,0
2019-04-25,N,0
2019-04-25,J,0
2019-04-25,O,1
2019-04-25,P,1
2019-04-25,L,3
2019-04-26,K,0
2019-04-26,M,0
2019-04-26,N,0
2019-04-26,J,0
2019-04-26,O,0
2019-04-26,P,0
2019-04-26,L,0
2019-04-27,K,0
2019-04-27,M,0
2019-04-27,N,0
2019-04-27,J,400
2019-04-27,O,0
2019-04-27,P,0
2019-04-27,L,0
2019-04-28,K,0
2019-04-28,M,0
2019-04-28,N,0
2019-04-28,J,0
2019-04-28,O,0
2019-04-28,P,0
2019-04-28,L,0
2019-04-29,K,0
2019-04-29,M,0
2019-04-29,N,0
2019-04-29,J,0
2019-04-29,O,0
2019-04-29,P,0
2019-04-29,L,0
2019-04-30,K,0
2019-04-30,M,0
2019-04-30,N,0
2019-04-30,J,0
2019-04-30,O,0
2019-04-30,P,0
2019-04-30,L,0
2019-05-01,K,0
2019-05-01,M,0
2019-05-01,N,0
2019-05-01,J,0
2019-05-01,O,0
2019-05-01,P,0
2019-05-01,L,0
2019-05-02,K,0
2019-05-02,M,0
2019-05-02,N,0
2019-05-02,J,0
2019-05-02,O,0
2019-05-02,P,0
2019-05-02,L,0
2019-05-03,K,0
2019-05-03,M,1
2019-05-03,N,0
2019-05-03,J,0
2019-05-03,O,0
2019-05-03,P,0
2019-05-03,L,1
2019-05-04,K,0
2019-05-04,M,0
2019-05-04,N,0
2019-05-04,J,0
2019-05-04,O,0
2019-05-04,P,0
2019-05-04,L,0
2019-05-05,K,0
2019-05-05,M,0
2019-05-05,N,0
2019-05-05,J,0
2019-05-05,O,0
2019-05-05,P,0
2019-05-05,L,2
2019-05-06,K,0
2019-05-06,M,0
2019-05-06,N,0
2019-05-06,J,0
2019-05-06,O,0
2019-05-06,P,0
2019-05-06,L,0
2019-05-07,K,0
2019-05-07,M,97
2019-05-07,N,2
2019-05-07,J,0
2019-05-07,O,0
2019-05-07,P,2
2019-05-07,L,2
2019-05-08,K,0
2019-05-08,M,97
2019-05-08,N,0
2019-05-08,J,0
2019-05-08,O,0
2019-05-08,P,4
2019-05-08,L,1
2019-05-09,K,0
2019-05-09,M,0
2019-05-09,N,1
2019-05-09,J,0
2019-05-09,O,0
2019-05-09,P,1
2019-05-09,L,1
2019-05-10,K,0
2019-05-10,M,0
2019-05-10,N,1
2019-05-10,J,0
2019-05-10,O,0
2019-05-10,P,1
2019-05-10,L,4
2019-05-11,K,0
2019-05-11,M,0
2019-05-11,N,0
2019-05-11,J,1
2019-05-11,O,1
2019-05-11,P,0
2019-05-11,L,0
2019-05-12,K,0
2019-05-12,M,0
2019-05-12,N,0
2019-05-12,J,0
2019-05-12,O,0
2019-05-12,P,1
2019-05-12,L,1
2019-05-13,K,0
2019-05-13,M,0
2019-05-13,N,1
2019-05-13,J,0
2019-05-13,O,0
2019-05-13,P,2
2019-05-13,L,0
2019-05-14,K,0
2019-05-14,M,0
2019-05-14,N,3
2019-05-14,J,0
2019-05-14,O,0
2019-05-14,P,1
2019-05-14,L,0
2019-05-15,K,0
2019-05-15,M,0
2019-05-15,N,0
2019-05-15,J,0
2019-05-15,O,0
2019-05-15,P,0
2019-05-15,L,0
2019-05-16,K,0
2019-05-16,M,0
2019-05-16,N,0
2019-05-16,J,0
2019-05-16,O,0
2019-05-16,P,2
2019-05-16,L,2
2019-05-17,K,0
2019-05-17,M,3
2019-05-17,N,0
2019-05-17,J,0
2019-05-17,O,0
2019-05-17,P,0
2019-05-17,L,0
2019-05-18,K,0
2019-05-18,M,14
2019-05-18,N,1
2019-05-18,J,0
2019-05-18,O,1
2019-05-18,P,1
2019-05-18,L,1
2019-05-19,K,0
2019-05-19,M,0
2019-05-19,N,0
2019-05-19,J,0
2019-05-19,O,0
2019-05-19,P,0
2019-05-19,L,0
2019-05-20,K,0
2019-05-20,M,0
2019-05-20,N,0
2019-05-20,J,0
2019-05-20,O,0
2019-05-20,P,1
2019-05-20,L,2
2019-05-21,K,0
2019-05-21,M,0
2019-05-21,N,0
2019-05-21,J,0
2019-05-21,O,0
2019-05-21,P,0
2019-05-21,L,0
2019-05-22,K,0
2019-05-22,M,0
2019-05-22,N,2
2019-05-22,J,0
2019-05-22,O,0
2019-05-22,P,0
2019-05-22,L,1
2019-05-23,K,0
2019-05-23,M,0
2019-05-23,N,6
2019-05-23,J,0
2019-05-23,O,0
2019-05-23,P,0
2019-05-23,L,0
2019-05-24,K,0
2019-05-24,M,0
2019-05-24,N,0
2019-05-24,J,0
2019-05-24,O,0
2019-05-24,P,1
2019-05-24,L,0
2019-05-25,K,0
2019-05-25,M,0
2019-05-25,N,3
2019-05-25,J,0
2019-05-25,O,0
2019-05-25,P,0
2019-05-25,L,0
2019-05-26,K,0
2019-05-26,M,10
2019-05-26,N,0
2019-05-26,J,0
2019-05-26,O,0
2019-05-26,P,0
2019-05-26,L,0
2019-05-27,K,0
2019-05-27,M,0
2019-05-27,N,0
2019-05-27,J,0
2019-05-27,O,0
2019-05-27,P,0
2019-05-27,L,0
2019-05-28,K,0
2019-05-28,M,103
2019-05-28,N,0
2019-05-28,J,1
2019-05-28,O,0
2019-05-28,P,2
2019-05-28,L,0
2019-05-29,K,0
2019-05-29,M,0
2019-05-29,N,0
2019-05-29,J,0
2019-05-29,O,0
2019-05-29,P,0
2019-05-29,L,0
2019-05-30,K,0
2019-05-30,M,0
2019-05-30,N,1
2019-05-30,J,0
2019-05-30,O,0
2019-05-30,P,0
2019-05-30,L,1
2019-05-31,K,0
2019-05-31,M,0
2019-05-31,N,1
2019-05-31,J,1
2019-05-31,O,1
2019-05-31,P,0
2019-05-31,L,1
2019-06-01,K,0
2019-06-01,M,0
2019-06-01,N,0
2019-06-01,J,0
2019-06-01,O,202
2019-06-01,P,0
2019-06-01,L,0
2019-06-02,K,0
2019-06-02,M,0
2019-06-02,N,0
2019-06-02,J,0
2019-06-02,O,0
2019-06-02,P,0
2019-06-02,L,3
2019-06-03,K,0
2019-06-03,M,0
2019-06-03,N,0
2019-06-03,J,1
2019-06-03,O,0
2019-06-03,P,0
2019-06-03,L,0
2019-06-04,K,0
2019-06-04,M,0
2019-06-04,N,0
2019-06-04,J,0
2019-06-04,O,468
2019-06-04,P,0
2019-06-04,L,0
2019-06-05,K,0
2019-06-05,M,0
2019-06-05,N,0
2019-06-05,J,0
2019-06-05,O,0
2019-06-05,P,0
2019-06-05,L,0
2019-06-06,K,0
2019-06-06,M,98
2019-06-06,N,0
2019-06-06,J,0
2019-06-06,O,1
2019-06-06,P,0
2019-06-06,L,0
2019-06-07,K,0
2019-06-07,M,0
2019-06-07,N,0
2019-06-07,J,0
2019-06-07,O,0
2019-06-07,P,0
2019-06-07,L,0
2019-06-08,K,0
2019-06-08,M,0
2019-06-08,N,1
2019-06-08,J,0
2019-06-08,O,0
2019-06-08,P,0
2019-06-08,L,1
2019-06-09,K,0
2019-06-09,M,0
2019-06-09,N,0
2019-06-09,J,0
2019-06-09,O,0
2019-06-09,P,0
2019-06-09,L,0
2019-06-10,K,0
2019-06-10,M,0
2019-06-10,N,0
2019-06-10,J,0
2019-06-10,O,0
2019-06-10,P,0
2019-06-10,L,0
2019-06-11,K,0
2019-06-11,M,0
2019-06-11,N,6
2019-06-11,J,0
2019-06-11,O,0
2019-06-11,P,0
2019-06-11,L,0
2019-06-12,K,0
2019-06-12,M,0
2019-06-12,N,1
2019-06-12,J,0
2019-06-12,O,0
2019-06-12,P,0
2019-06-12,L,0
2019-06-13,K,0
2019-06-13,M,0
2019-06-13,N,0
2019-06-13,J,0
2019-06-13,O,0
2019-06-13,P,0
2019-06-13,L,0
2019-06-14,K,0
2019-06-14,M,0
2019-06-14,N,3
2019-06-14,J,0
2019-06-14,O,0
2019-06-14,P,0
2019-06-14,L,0
2019-06-15,K,0
2019-06-15,M,0
2019-06-15,N,0
2019-06-15,J,0
2019-06-15,O,0
2019-06-15,P,0
2019-06-15,L,0
2019-06-16,K,0
2019-06-16,M,0
2019-06-16,N,0
2019-06-16,J,0
2019-06-16,O,0
2019-06-16,P,0
2019-06-16,L,0
2019-06-17,K,0
2019-06-17,M,0
2019-06-17,N,1
2019-06-17,J,8
2019-06-17,O,1
2019-06-17,P,0
2019-06-17,L,0
2019-06-18,K,0
2019-06-18,M,0
2019-06-18,N,1
2019-06-18,J,0
2019-06-18,O,0
2019-06-18,P,0
2019-06-18,L,0
2019-06-19,K,0
2019-06-19,M,0
2019-06-19,N,0
2019-06-19,J,0
2019-06-19,O,0
2019-06-19,P,0
2019-06-19,L,1
2019-06-20,K,0
2019-06-20,M,0
2019-06-20,N,2
2019-06-20,J,0
2019-06-20,O,0
2019-06-20,P,0
2019-06-20,L,1
2019-06-21,K,1
2019-06-21,M,59
2019-06-21,N,0
2019-06-21,J,0
2019-06-21,O,0
2019-06-21,P,0
2019-06-21,L,0
2019-06-22,K,0
2019-06-22,M,0
2019-06-22,N,1
2019-06-22,J,0
2019-06-22,O,0
2019-06-22,P,0
2019-06-22,L,0
2019-06-23,K,0
2019-06-23,M,0
2019-06-23,N,0
2019-06-23,J,0
2019-06-23,O,0
2019-06-23,P,0
2019-06-23,L,0
2019-06-24,K,0
2019-06-24,M,0
2019-06-24,N,1
2019-06-24,J,0
2019-06-24,O,0
2019-06-24,P,0
2019-06-24,L,0
2019-06-25,K,2
2019-06-25,M,0
2019-06-25,N,2
2019-06-25,J,1
2019-06-25,O,0
2019-06-25,P,0
2019-06-25,L,0
2019-06-26,K,0
2019-06-26,M,2
2019-06-26,N,0
2019-06-26,J,0
2019-06-26,O,0
2019-06-26,P,0
2019-06-26,L,0
2019-06-27,K,0
2019-06-27,M,0
2019-06-27,N,3
2019-06-27,J,0
2019-06-27,O,0
2019-06-27,P,0
2019-06-27,L,0
2019-06-28,K,0
2019-06-28,M,0
2019-06-28,N,0
2019-06-28,J,0
2019-06-28,O,0
2019-06-28,P,0
2019-06-28,L,0
2019-06-29,K,1
2019-06-29,M,0
2019-06-29,N,1
2019-06-29,J,0
2019-06-29,O,0
2019-06-29,P,0
2019-06-29,L,0
2019-06-30,K,0
2019-06-30,M,0
2019-06-30,N,0
2019-06-30,J,0
2019-06-30,O,202
2019-06-30,P,0
2019-06-30,L,0
2019-07-01,K,0
2019-07-01,M,0
2019-07-01,N,0
2019-07-01,J,0
2019-07-01,O,0
2019-07-01,P,0
2019-07-01,L,0
2019-07-02,K,0
2019-07-02,M,0
2019-07-02,N,1
2019-07-02,J,0
2019-07-02,O,143
2019-07-02,P,0
2019-07-02,L,0
2019-07-03,K,0
2019-07-03,M,0
2019-07-03,N,0
2019-07-03,J,0
2019-07-03,O,143
2019-07-03,P,0
2019-07-03,L,0
2019-07-04,K,1
2019-07-04,M,101
2019-07-04,N,2
2019-07-04,J,0
2019-07-04,O,0
2019-07-04,P,0
2019-07-04,L,0
2019-07-05,K,8
2019-07-05,M,0
2019-07-05,N,1
2019-07-05,J,0
2019-07-05,O,0
2019-07-05,P,0
2019-07-05,L,0
2019-07-06,K,0
2019-07-06,M,0
2019-07-06,N,0
2019-07-06,J,0
2019-07-06,O,0
2019-07-06,P,0
2019-07-06,L,2
2019-07-07,K,0
2019-07-07,M,221
2019-07-07,N,1
2019-07-07,J,0
2019-07-07,O,1
2019-07-07,P,2
2019-07-07,L,2
2019-07-08,K,1
2019-07-08,M,1
2019-07-08,N,1
2019-07-08,J,0
2019-07-08,O,1
2019-07-08,P,0
2019-07-08,L,0
2019-07-09,K,0
2019-07-09,M,220
2019-07-09,N,0
2019-07-09,J,0
2019-07-09,O,0
2019-07-09,P,0
2019-07-09,L,1
2019-07-10,K,0
2019-07-10,M,0
2019-07-10,N,0
2019-07-10,J,0
2019-07-10,O,0
2019-07-10,P,0
2019-07-10,L,0
2019-07-11,K,0
2019-07-11,M,0
2019-07-11,N,0
2019-07-11,J,0
2019-07-11,O,0
2019-07-11,P,0
2019-07-11,L,0
2019-07-12,K,2
2019-07-12,M,0
2019-07-12,N,0
2019-07-12,J,0
2019-07-12,O,0
2019-07-12,P,0
2019-07-12,L,0
2019-07-13,K,0
2019-07-13,M,0
2019-07-13,N,0
2019-07-13,J,0
2019-07-13,O,0
2019-07-13,P,0
2019-07-13,L,0
2019-07-14,K,1
2019-07-14,M,0
2019-07-14,N,0
2019-07-14,J,0
2019-07-14,O,0
2019-07-14,P,0
2019-07-14,L,0
2019-07-15,K,0
2019-07-15,M,0
2019-07-15,N,0
2019-07-15,J,0
2019-07-15,O,0
2019-07-15,P,0
2019-07-15,L,0
2019-07-16,K,3
2019-07-16,M,0
2019-07-16,N,0
2019-07-16,J,0
2019-07-16,O,0
2019-07-16,P,0
2019-07-16,L,0
2019-07-17,K,1
2019-07-17,M,0
2019-07-17,N,0
2019-07-17,J,0
2019-07-17,O,1
2019-07-17,P,0
2019-07-17,L,0
2019-07-18,K,2
2019-07-18,M,0
2019-07-18,N,0
2019-07-18,J,0
2019-07-18,O,0
2019-07-18,P,0
2019-07-18,L,0
2019-07-19,K,2
2019-07-19,M,0
2019-07-19,N,0
2019-07-19,J,0
2019-07-19,O,0
2019-07-19,P,0
2019-07-19,L,0
2019-07-20,K,1
2019-07-20,M,1
2019-07-20,N,0
2019-07-20,J,0
2019-07-20,O,0
2019-07-20,P,0
2019-07-20,L,0
2019-07-21,K,0
2019-07-21,M,0
2019-07-21,N,0
2019-07-21,J,0
2019-07-21,O,0
2019-07-21,P,0
2019-07-21,L,0
2019-07-22,K,1
2019-07-22,M,0
2019-07-22,N,0
2019-07-22,J,0
2019-07-22,O,0
2019-07-22,P,0
2019-07-22,L,0
2019-07-23,K,0
2019-07-23,M,2
2019-07-23,N,0
2019-07-23,J,0
2019-07-23,O,0
2019-07-23,P,0
2019-07-23,L,1
2019-07-24,K,0
2019-07-24,M,0
2019-07-24,N,0
2019-07-24,J,0
2019-07-24,O,0
2019-07-24,P,0
2019-07-24,L,0
2019-07-25,K,2
2019-07-25,M,211
2019-07-25,N,1
2019-07-25,J,0
2019-07-25,O,0
2019-07-25,P,0
2019-07-25,L,0
2019-07-26,K,1
2019-07-26,M,0
2019-07-26,N,0
2019-07-26,J,0
2019-07-26,O,0
2019-07-26,P,0
2019-07-26,L,0
2019-07-27,K,10
2019-07-27,M,1
2019-07-27,N,1
2019-07-27,J,0
2019-07-27,O,0
2019-07-27,P,0
2019-07-27,L,0
2019-07-28,K,13
2019-07-28,M,0
2019-07-28,N,0
2019-07-28,J,0
2019-07-28,O,0
2019-07-28,P,0
2019-07-28,L,0
2019-07-29,K,10
2019-07-29,M,0
2019-07-29,N,0
2019-07-29,J,0
2019-07-29,O,0
2019-07-29,P,0
2019-07-29,L,1
2019-07-30,K,10
2019-07-30,M,0
2019-07-30,N,2
2019-07-30,J,0
2019-07-30,O,0
2019-07-30,P,0
2019-07-30,L,0
2019-07-31,K,1
2019-07-31,M,0
2019-07-31,N,0
2019-07-31,J,0
2019-07-31,O,0
2019-07-31,P,0
2019-07-31,L,0
2019-08-01,K,1
2019-08-01,M,0
2019-08-01,N,0
2019-08-01,J,0
2019-08-01,O,0
2019-08-01,P,0
2019-08-01,L,0
2019-08-02,K,1
2019-08-02,M,0
2019-08-02,N,0
2019-08-02,J,0
2019-08-02,O,0
2019-08-02,P,0
2019-08-02,L,0
2019-08-03,K,10
2019-08-03,M,0
2019-08-03,N,0
2019-08-03,J,0
2019-08-03,O,0
2019-08-03,P,0
2019-08-03,L,0
2019-08-04,K,0
2019-08-04,M,0
2019-08-04,N,0
2019-08-04,J,0
2019-08-04,O,0
2019-08-04,P,0
2019-08-04,L,0
2019-08-05,K,1
2019-08-05,M,0
2019-08-05,N,0
2019-08-05,J,0
2019-08-05,O,0
2019-08-05,P,0
2019-08-05,L,2
2019-08-06,K,8
2019-08-06,M,0
2019-08-06,N,0
2019-08-06,J,0
2019-08-06,O,0
2019-08-06,P,0
2019-08-06,L,1
2019-08-07,K,0
2019-08-07,M,0
2019-08-07,N,0
2019-08-07,J,0
2019-08-07,O,0
2019-08-07,P,0
2019-08-07,L,1
2019-08-08,K,0
2019-08-08,M,0
2019-08-08,N,0
2019-08-08,J,0
2019-08-08,O,0
2019-08-08,P,0
2019-08-08,L,0
2019-08-09,K,0
2019-08-09,M,0
2019-08-09,N,0
2019-08-09,J,0
2019-08-09,O,0
2019-08-09,P,0
2019-08-09,L,0
2019-08-10,K,0
2019-08-10,M,2
2019-08-10,N,0
2019-08-10,J,0
2019-08-10,O,1
2019-08-10,P,0
2019-08-10,L,0
2019-08-11,K,0
2019-08-11,M,0
2019-08-11,N,0
2019-08-11,J,0
2019-08-11,O,0
2019-08-11,P,0
2019-08-11,L,0
2019-08-12,K,0
2019-08-12,M,0
2019-08-12,N,1
2019-08-12,J,0
2019-08-12,O,0
2019-08-12,P,0
2019-08-12,L,0
2019-08-13,K,0
2019-08-13,M,0
2019-08-13,N,0
2019-08-13,J,0
2019-08-13,O,16
2019-08-13,P,3
2019-08-13,L,0
2019-08-14,K,0
2019-08-14,M,0
2019-08-14,N,1
2019-08-14,J,0
2019-08-14,O,0
2019-08-14,P,0
2019-08-14,L,0
2019-08-15,K,0
2019-08-15,M,0
2019-08-15,N,0
2019-08-15,J,0
2019-08-15,O,0
2019-08-15,P,0
2019-08-15,L,0
2019-08-16,K,2
2019-08-16,M,15
2019-08-16,N,0
2019-08-16,J,0
2019-08-16,O,0
2019-08-16,P,0
2019-08-16,L,0
2019-08-17,K,0
2019-08-17,M,1
2019-08-17,N,0
2019-08-17,J,0
2019-08-17,O,0
2019-08-17,P,0
2019-08-17,L,0
2019-08-18,K,2
2019-08-18,M,10
2019-08-18,N,0
2019-08-18,J,0
2019-08-18,O,0
2019-08-18,P,0
2019-08-18,L,0
2019-08-19,K,0
2019-08-19,M,0
2019-08-19,N,0
2019-08-19,J,0
2019-08-19,O,0
2019-08-19,P,0
2019-08-19,L,0
2019-08-20,K,11
2019-08-20,M,0
2019-08-20,N,0
2019-08-20,J,0
2019-08-20,O,0
2019-08-20,P,0
2019-08-20,L,0
2019-08-21,K,0
2019-08-21,M,0
2019-08-21,N,0
2019-08-21,J,0
2019-08-21,O,0
2019-08-21,P,0
2019-08-21,L,0
2019-08-22,K,1
2019-08-22,M,0
2019-08-22,N,0
2019-08-22,J,0
2019-08-22,O,0
2019-08-22,P,0
2019-08-22,L,0
2019-08-23,K,0
2019-08-23,M,1
2019-08-23,N,0
2019-08-23,J,0
2019-08-23,O,0
2019-08-23,P,0
2019-08-23,L,0
2019-08-24,K,1
2019-08-24,M,847
2019-08-24,N,1
2019-08-24,J,0
2019-08-24,O,0
2019-08-24,P,0
2019-08-24,L,0
2019-08-25,K,1
2019-08-25,M,0
2019-08-25,N,0
2019-08-25,J,0
2019-08-25,O,0
2019-08-25,P,2
2019-08-25,L,0
2019-08-26,K,2
2019-08-26,M,21
2019-08-26,N,1
2019-08-26,J,0
2019-08-26,O,0
2019-08-26,P,0
2019-08-26,L,0
2019-08-27,K,6
2019-08-27,M,0
2019-08-27,N,1
2019-08-27,J,0
2019-08-27,O,0
2019-08-27,P,0
2019-08-27,L,0
2019-08-28,K,0
2019-08-28,M,22
2019-08-28,N,1
2019-08-28,J,0
2019-08-28,O,0
2019-08-28,P,0
2019-08-28,L,0
2019-08-29,K,1
2019-08-29,M,0
2019-08-29,N,1
2019-08-29,J,0
2019-08-29,O,0
2019-08-29,P,0
2019-08-29,L,1
2019-08-30,M,1
2019-08-30,N,0
2019-08-30,J,0
2019-08-30,O,0
2019-08-30,P,1
2019-08-30,L,0
2019-08-31,K,0
2019-08-31,M,0
2019-08-31,N,1
2019-08-31,J,0
2019-08-31,O,0
2019-08-31,P,0
2019-08-31,L,0
2019-09-01,K,0
2019-09-01,M,0
2019-09-01,N,1
2019-09-01,J,0
2019-09-01,O,0
2019-09-01,P,0
2019-09-01,L,0
2019-09-02,K,2
2019-09-02,M,0
2019-09-02,N,0
2019-09-02,J,0
2019-09-02,O,0
2019-09-02,P,0
2019-09-02,L,0
2019-09-03,M,103
2019-09-03,N,1
2019-09-03,J,0
2019-09-03,O,0
2019-09-03,P,0
2019-09-03,L,2
2019-09-04,K,0
2019-09-04,M,10
2019-09-04,N,0
2019-09-04,J,0
2019-09-04,O,0
2019-09-04,P,0
2019-09-04,L,1
2019-09-05,K,4
2019-09-05,M,0
2019-09-05,N,2
2019-09-05,J,0
2019-09-05,O,0
2019-09-05,P,0
2019-09-05,L,0
2019-09-06,K,0
2019-09-06,M,46
2019-09-06,N,0
2019-09-06,J,0
2019-09-06,O,1
2019-09-06,P,0
2019-09-06,L,0
2019-09-07,K,0
2019-09-07,M,0
2019-09-07,N,1
2019-09-07,J,0
2019-09-07,O,0
2019-09-07,P,0
2019-09-07,L,0
2019-09-08,K,0
2019-09-08,M,1
2019-09-08,N,0
2019-09-08,J,0
2019-09-08,O,0
2019-09-08,P,0
2019-09-08,L,0
2019-09-09,K,0
2019-09-09,M,0
2019-09-09,N,0
2019-09-09,J,0
2019-09-09,O,0
2019-09-09,P,0
2019-09-09,L,1
2019-09-10,K,0
2019-09-10,M,2
2019-09-10,N,1
2019-09-10,J,0
2019-09-10,O,0
2019-09-10,P,0
2019-09-10,L,0
2019-09-12,K,0
2019-09-12,M,0
2019-09-12,N,0
2019-09-12,J,0
2019-09-12,O,0
2019-09-12,P,0
2019-09-12,L,0
2019-09-13,K,0
2019-09-13,M,0
2019-09-13,N,1
2019-09-13,J,0
2019-09-13,O,0
2019-09-13,P,0
2019-09-13,L,0
2019-09-14,K,0
2019-09-14,M,1
2019-09-14,N,0
2019-09-14,J,0
2019-09-14,O,0
2019-09-14,P,0
2019-09-14,L,0
2019-09-15,K,0
2019-09-15,M,0
2019-09-15,N,1
2019-09-15,J,0
2019-09-15,O,0
2019-09-15,P,0
2019-09-15,L,0
2019-09-16,K,14
2019-09-16,M,100
2019-09-16,N,2
2019-09-16,J,0
2019-09-16,O,0
2019-09-16,P,0
2019-09-16,L,0
2019-09-17,K,0
2019-09-17,M,110
2019-09-17,N,1
2019-09-17,J,0
2019-09-17,O,0
2019-09-17,P,0
2019-09-17,L,0
2019-09-18,K,0
2019-09-18,M,0
2019-09-18,N,0
2019-09-18,J,0
2019-09-18,O,0
2019-09-18,P,0
2019-09-18,L,0
2019-09-19,K,1
2019-09-19,M,457
2019-09-19,N,0
2019-09-19,J,0
2019-09-19,O,0
2019-09-19,P,0
2019-09-19,L,0
2019-09-20,K,0
2019-09-20,M,10
2019-09-20,N,0
2019-09-20,J,0
2019-09-20,O,0
2019-09-20,P,0
2019-09-20,L,0
2019-09-21,K,2
2019-09-21,M,0
2019-09-21,N,0
2019-09-21,J,0
2019-09-21,O,0
2019-09-21,P,0
2019-09-21,L,0
2019-09-22,K,1
2019-09-22,M,0
2019-09-22,N,1
2019-09-22,J,0
2019-09-22,O,0
2019-09-22,P,0
2019-09-22,L,0
2019-09-23,K,0
2019-09-23,M,10
2019-09-23,N,1
2019-09-23,J,0
2019-09-23,O,0
2019-09-23,P,0
2019-09-23,L,0
2019-09-24,K,0
2019-09-24,M,100
2019-09-24,N,0
2019-09-24,J,0
2019-09-24,O,0
2019-09-24,P,0
2019-09-24,L,0
2019-09-25,K,3
2019-09-25,M,0
2019-09-25,N,1
2019-09-25,J,0
2019-09-25,O,0
2019-09-25,P,1
2019-09-25,L,0
2019-09-26,K,0
2019-09-26,M,100
2019-09-26,N,0
2019-09-26,J,0
2019-09-26,O,1
2019-09-26,P,0
2019-09-26,L,0
2019-09-27,M,0
2019-09-27,N,0
2019-09-27,J,0
2019-09-27,O,1
2019-09-27,P,0
2019-09-27,L,0
2019-09-28,K,0
2019-09-28,M,300
2019-09-28,N,3
2019-09-28,J,0
2019-09-28,O,0
2019-09-28,P,0
2019-09-28,L,0
2019-09-29,K,0
2019-09-29,M,0
2019-09-29,N,0
2019-09-29,J,0
2019-09-29,O,1
2019-09-29,P,0
2019-09-29,L,0
2019-09-30,K,0
2019-09-30,M,20
2019-09-30,N,0
2019-09-30,J,0
2019-09-30,O,2
2019-09-30,P,0
2019-09-30,L,0
2019-10-01,K,1
2019-10-01,M,0
2019-10-01,N,0
2019-10-01,J,0
2019-10-01,O,4
2019-10-01,P,0
2019-10-01,L,0
2019-10-02,K,1
2019-10-02,M,61
2019-10-02,N,1
2019-10-02,J,0
2019-10-02,O,0
2019-10-02,P,0
2019-10-02,L,0
2019-10-03,K,1
2019-10-03,M,0
2019-10-03,N,2
2019-10-03,J,0
2019-10-03,O,0
2019-10-03,P,1
2019-10-03,L,0
2019-10-04,J,0
2019-10-04,O,0
2019-10-04,P,0
2019-10-04,L,0
2019-10-05,K,1
2019-10-05,M,467
2019-10-05,N,1
2019-10-05,J,0
2019-10-05,O,0
2019-10-05,P,0
2019-10-05,L,0
2019-10-06,K,0
2019-10-06,M,0
2019-10-06,N,0
2019-10-06,J,0
2019-10-06,O,0
2019-10-06,P,1
2019-10-06,L,0
2019-10-07,K,0
2019-10-07,M,0
2019-10-07,N,0
2019-10-07,J,0
2019-10-07,O,0
2019-10-07,P,10
2019-10-07,L,0
2019-10-08,K,1
2019-10-08,M,0
2019-10-08,N,0
2019-10-08,J,0
2019-10-08,O,1
2019-10-08,P,0
2019-10-08,L,0
2019-10-09,K,1
2019-10-09,M,0
2019-10-09,N,0
2019-10-09,J,0
2019-10-09,O,1
2019-10-09,P,1
2019-10-09,L,0
2019-10-10,K,0
2019-10-10,M,0
2019-10-10,N,0
2019-10-10,J,0
2019-10-10,O,0
2019-10-10,P,1
2019-10-10,L,0
2019-10-11,K,1
2019-10-11,M,1
2019-10-11,N,0
2019-10-11,J,0
2019-10-11,O,0
2019-10-11,P,4
2019-10-11,L,0
2019-10-12,K,0
2019-10-12,M,0
2019-10-12,N,0
2019-10-12,J,0
2019-10-12,O,1
2019-10-12,P,0
2019-10-12,L,0
2019-10-14,K,0
2019-10-14,M,0
2019-10-14,N,0
2019-10-14,J,0
2019-10-14,O,1
2019-10-14,P,0
2019-10-14,L,0
2019-10-15,K,1
2019-10-15,M,0
2019-10-15,N,0
2019-10-15,J,0
2019-10-15,O,0
2019-10-15,P,0
2019-10-15,L,0
2019-10-16,K,2
2019-10-16,M,0
2019-10-16,N,0
2019-10-16,J,0
2019-10-16,O,1
2019-10-16,P,0
2019-10-16,L,0
2019-10-17,K,0
2019-10-17,M,10
2019-10-17,N,0
2019-10-17,J,0
2019-10-17,O,0
2019-10-17,P,0
2019-10-17,L,0
2019-10-18,K,1
2019-10-18,M,0
2019-10-18,N,0
2019-10-18,J,0
2019-10-18,O,0
2019-10-18,P,2
2019-10-18,L,0
2019-10-19,M,0
2019-10-19,N,2
2019-10-19,J,0
2019-10-19,O,0
2019-10-19,P,8
2019-10-19,L,0
2019-10-20,K,0
2019-10-20,M,82
2019-10-20,N,0
2019-10-20,J,0
2019-10-20,O,0
2019-10-20,P,0
2019-10-20,L,0
2019-10-21,K,1
2019-10-21,M,0
2019-10-21,N,0
2019-10-21,J,0
2019-10-21,O,1
2019-10-21,P,2
2019-10-21,L,1
2019-10-22,K,0
2019-10-22,M,0
2019-10-22,N,1
2019-10-22,J,0
2019-10-22,O,1
2019-10-22,P,1
2019-10-22,L,1
2019-10-23,K,10
2019-10-23,M,0
2019-10-23,N,0
2019-10-23,J,0
2019-10-23,O,0
2019-10-23,P,0
2019-10-23,L,1
2019-10-24,K,0
2019-10-24,M,5
2019-10-24,N,1
2019-10-24,J,0
2019-10-24,O,1
2019-10-24,P,2
2019-10-24,L,0
2019-10-25,M,0
2019-10-25,N,0
2019-10-25,J,0
2019-10-25,O,0
2019-10-25,P,4
2019-10-25,L,0
2019-10-26,K,0
2019-10-26,M,0
2019-10-26,N,1
2019-10-26,J,0
2019-10-26,O,0
2019-10-26,P,1
2019-10-26,L,0
2019-10-27,K,22
2019-10-27,M,14
2019-10-27,N,0
2019-10-27,J,0
2019-10-27,O,0
2019-10-27,P,0
2019-10-27,L,0
2019-10-28,K,0
2019-10-28,M,0
2019-10-28,N,1
2019-10-28,J,0
2019-10-28,O,0
2019-10-28,P,1
2019-10-28,L,0
2019-10-29,K,1
2019-10-29,M,0
2019-10-29,N,0
2019-10-29,J,0
2019-10-29,O,0
2019-10-29,P,1
2019-10-29,L,0
2019-10-30,K,0
2019-10-30,M,133
2019-10-30,N,0
2019-10-30,J,0
2019-10-30,O,0
2019-10-30,P,0
2019-10-30,L,0
2019-10-31,K,0
2019-10-31,M,0
2019-10-31,N,0
2019-10-31,J,0
2019-10-31,O,0
2019-10-31,P,0
2019-10-31,L,0
2019-11-01,K,1
2019-11-01,M,0
2019-11-01,N,0
2019-11-01,J,0
2019-11-01,O,0
2019-11-01,P,0
2019-11-01,L,0
2019-11-02,K,0
2019-11-02,M,0
2019-11-02,N,0
2019-11-02,J,0
2019-11-02,O,1
2019-11-02,P,0
2019-11-02,L,0
2019-11-03,M,0
2019-11-03,N,0
2019-11-03,J,0
2019-11-03,O,0
2019-11-03,P,0
2019-11-03,L,0
2019-11-04,K,1
2019-11-04,M,93
2019-11-04,N,0
2019-11-04,J,0
2019-11-04,O,1
2019-11-04,P,0
2019-11-04,L,0
2019-11-05,K,10
2019-11-05,M,0
2019-11-05,N,0
2019-11-05,J,0
2019-11-05,O,0
2019-11-05,P,0
2019-11-05,L,0
2019-11-06,K,0
2019-11-06,M,0
2019-11-06,N,0
2019-11-06,J,0
2019-11-06,O,0
2019-11-06,P,0
2019-11-06,L,0
2019-11-07,K,0
2019-11-07,M,0
2019-11-07,N,0
2019-11-07,J,0
2019-11-07,O,0
2019-11-07,P,0
2019-11-07,L,0
2019-11-08,K,0
2019-11-08,M,10
2019-11-08,N,0
2019-11-08,J,0
2019-11-08,O,0
2019-11-08,P,0
2019-11-08,L,0
2019-11-09,K,1
2019-11-09,M,0
2019-11-09,N,1
2019-11-09,J,0
2019-11-09,O,1
2019-11-09,P,0
2019-11-09,L,0
2019-11-10,K,0
2019-11-10,M,0
2019-11-10,N,0
2019-11-10,J,0
2019-11-10,O,0
2019-11-10,P,0
2019-11-10,L,0
2019-11-11,K,0
2019-11-11,M,0
2019-11-11,N,0
2019-11-11,J,0
2019-11-11,O,0
2019-11-11,P,0
2019-11-11,L,0
2019-11-12,K,1
2019-11-12,M,0
2019-11-12,N,0
2019-11-12,J,514
2019-11-12,O,0
2019-11-12,P,0
2019-11-12,L,0
2019-11-13,K,12
2019-11-13,M,0
2019-11-13,N,0
2019-11-13,J,0
2019-11-13,O,0
2019-11-13,P,0
2019-11-13,L,0
2019-11-14,K,0
2019-11-14,M,0
2019-11-14,N,0
2019-11-14,J,1000
2019-11-14,O,0
2019-11-14,P,0
2019-11-14,L,0
2019-11-15,K,0
2019-11-15,M,0
2019-11-15,N,1
2019-11-15,J,0
2019-11-15,O,0
2019-11-15,P,0
2019-11-15,L,0
2019-11-16,K,1
2019-11-16,M,0
2019-11-16,N,0
2019-11-16,J,0
2019-11-16,O,0
2019-11-16,P,0
2019-11-16,L,0
2019-11-17,K,13
2019-11-17,M,0
2019-11-17,N,0
2019-11-17,J,0
2019-11-17,O,0
2019-11-17,P,0
2019-11-17,L,0
2019-11-18,K,0
2019-11-18,M,0
2019-11-18,N,2
2019-11-18,J,0
2019-11-18,O,0
2019-11-18,P,0
2019-11-18,L,0
2019-11-19,K,0
2019-11-19,M,2
2019-11-19,N,0
2019-11-19,J,0
2019-11-19,O,0
2019-11-19,P,0
2019-11-19,L,0
2019-11-20,K,0
2019-11-20,M,0
2019-11-20,N,0
2019-11-20,J,0
2019-11-20,O,0
2019-11-20,P,0
2019-11-20,L,0
2019-11-21,K,1
2019-11-21,M,0
2019-11-21,N,0
2019-11-21,J,0
2019-11-21,O,0
2019-11-21,P,0
2019-11-21,L,0
2019-11-22,K,0
2019-11-22,M,0
2019-11-22,N,0
2019-11-22,J,0
2019-11-22,O,0
2019-11-22,P,0
2019-11-22,L,0
2019-11-23,K,0
2019-11-23,M,0
2019-11-23,N,0
2019-11-23,J,0
2019-11-23,O,0
2019-11-23,P,0
2019-11-23,L,0
2019-11-24,K,0
2019-11-24,M,0
2019-11-24,N,0
2019-11-24,J,0
2019-11-24,O,0
2019-11-24,P,0
2019-11-24,L,1
2019-11-25,K,4
2019-11-25,M,0
2019-11-25,N,0
2019-11-25,J,0
2019-11-25,O,0
2019-11-25,P,0
2019-11-25,L,0
2019-11-26,K,0
2019-11-26,M,0
2019-11-26,N,0
2019-11-26,J,0
2019-11-26,O,0
2019-11-26,P,0
2019-11-26,L,0
2019-11-27,K,0
2019-11-27,M,0
2019-11-27,N,0
2019-11-27,J,0
2019-11-27,O,0
2019-11-27,P,0
2019-11-27,L,0
2019-11-28,K,0
2019-11-28,M,0
2019-11-28,N,0
2019-11-28,J,0
2019-11-28,O,0
2019-11-28,P,0
2019-11-28,L,0
2019-11-29,K,2
2019-11-29,M,0
2019-11-29,N,0
2019-11-29,J,0
2019-11-29,O,0
2019-11-29,P,0
2019-11-29,L,0
2019-11-30,K,2
2019-11-30,M,0
2019-11-30,N,0
2019-11-30,J,0
2019-11-30,O,0
2019-11-30,P,0
2019-11-30,L,0
2019-12-01,K,0
2019-12-01,M,0
2019-12-01,N,0
2019-12-01,J,0
2019-12-01,O,0
2019-12-01,P,0
2019-12-01,L,0
2019-12-02,K,10
2019-12-02,M,0
2019-12-02,N,0
2019-12-02,J,0
2019-12-02,O,0
2019-12-02,P,0
2019-12-02,L,0
2019-12-03,K,0
2019-12-03,M,0
2019-12-03,N,0
2019-12-03,J,0
2019-12-03,O,0
2019-12-03,P,0
2019-12-03,L,0
2019-12-04,K,1
2019-12-04,M,10
2019-12-04,N,0
2019-12-04,J,0
2019-12-04,O,0
2019-12-04,P,0
2019-12-04,L,0
2019-12-05,K,0
2019-12-05,M,0
2019-12-05,N,0
2019-12-05,J,0
2019-12-05,O,0
2019-12-05,P,0
2019-12-05,L,0
2019-12-06,K,0
2019-12-06,M,0
2019-12-06,N,0
2019-12-06,J,0
2019-12-06,O,0
2019-12-06,P,0
2019-12-06,L,0
2019-12-07,K,1
2019-12-07,M,2
2019-12-07,N,0
2019-12-07,J,0
2019-12-07,O,0
2019-12-07,P,1
2019-12-07,L,0
2019-12-08,K,1
2019-12-08,M,268
2019-12-08,N,0
2019-12-08,J,0
2019-12-08,O,0
2019-12-08,P,0
2019-12-08,L,0
2019-12-09,K,2
2019-12-09,M,0
2019-12-09,N,0
2019-12-09,J,0
2019-12-09,O,0
2019-12-09,P,0
2019-12-09,L,0
2019-12-10,K,1
2019-12-10,M,2
2019-12-10,N,1
2019-12-10,J,0
2019-12-10,O,0
2019-12-10,P,0
2019-12-10,L,0
2019-12-11,K,0
2019-12-11,M,327
2019-12-11,N,0
2019-12-11,J,0
2019-12-11,O,0
2019-12-11,P,0
2019-12-11,L,0
2019-12-12,K,3
2019-12-12,M,0
2019-12-12,N,0
2019-12-12,J,0
2019-12-12,O,0
2019-12-12,P,0
2019-12-12,L,0
2019-12-13,K,0
2019-12-13,M,1
2019-12-13,N,0
2019-12-13,J,0
2019-12-13,O,0
2019-12-13,P,0
2019-12-13,L,0
2019-12-14,K,0
2019-12-14,M,1
2019-12-14,N,0
2019-12-14,J,0
2019-12-14,O,0
2019-12-14,P,0
2019-12-14,L,0
2019-12-15,K,0
2019-12-15,M,0
2019-12-15,N,0
2019-12-15,J,0
2019-12-15,O,0
2019-12-15,P,0
2019-12-15,L,0
2019-12-16,K,0
2019-12-16,M,0
2019-12-16,N,0
2019-12-16,J,0
2019-12-16,O,0
2019-12-16,P,0
2019-12-16,L,0
2019-12-17,K,0
2019-12-17,M,112
2019-12-17,N,0
2019-12-17,J,0
2019-12-17,O,0
2019-12-17,P,0
2019-12-17,L,0
2019-12-18,K,5
2019-12-18,M,0
2019-12-18,N,0
2019-12-18,J,0
2019-12-18,O,0
2019-12-18,P,0
2019-12-18,L,0
2019-12-19,K,0
2019-12-19,M,0
2019-12-19,N,0
2019-12-19,J,0
2019-12-19,O,0
2019-12-19,P,0
2019-12-19,L,0
2019-12-20,M,0
2019-12-20,N,1
2019-12-20,J,0
2019-12-20,O,0
2019-12-20,P,0
2019-12-20,L,2
2019-12-21,K,0
2019-12-21,M,0
2019-12-21,N,1
2019-12-21,J,0
2019-12-21,O,1
2019-12-21,P,0
2019-12-21,L,1
2019-12-22,K,2
2019-12-22,M,174
2019-12-22,N,1
2019-12-22,J,0
2019-12-22,O,0
2019-12-22,P,0
2019-12-22,L,0
2019-12-23,K,0
2019-12-23,M,0
2019-12-23,N,1
2019-12-23,J,0
2019-12-23,O,3
2019-12-23,P,0
2019-12-23,L,0
2019-12-24,K,1
2019-12-24,M,0
2019-12-24,N,0
2019-12-24,J,0
2019-12-24,O,0
2019-12-24,P,0
2019-12-24,L,0
2019-12-25,K,0
2019-12-25,M,87
2019-12-25,N,1
2019-12-25,J,0
2019-12-25,O,0
2019-12-25,P,0
2019-12-25,L,0
2019-12-26,K,1
2019-12-26,M,0
2019-12-26,N,0
2019-12-26,J,0
2019-12-26,O,0
2019-12-26,P,0
2019-12-26,L,0
2019-12-27,K,0
2019-12-27,M,1
2019-12-27,N,1
2019-12-27,J,0
2019-12-27,O,0
2019-12-27,P,0
2019-12-27,L,0
2019-12-28,K,4
2019-12-28,M,0
2019-12-28,N,0
2019-12-28,J,0
2019-12-28,O,0
2019-12-28,P,1
2019-12-28,L,0
2019-12-29,K,1
2019-12-29,M,0
2019-12-29,N,1
2019-12-29,J,0
2019-12-29,O,0
2019-12-29,P,0
2019-12-29,L,1
2019-12-30,K,0
2019-12-30,M,0
2019-12-30,N,0
2019-12-30,J,0
2019-12-30,O,0
2019-12-30,P,1
2019-12-30,L,0
2019-12-31,K,0
2019-12-31,M,0
2019-12-31,N,0
2019-12-31,J,0
2019-12-31,O,0
2019-12-31,P,1
2019-12-31,L,0
2020-01-01,K,0
2020-01-01,M,0
2020-01-01,N,0
2020-01-01,J,0
2020-01-01,O,2
2020-01-01,P,0
2020-01-01,L,0
2020-01-02,K,0
2020-01-02,M,0
2020-01-02,N,0
2020-01-02,J,0
2020-01-02,O,0
2020-01-02,P,1
2020-01-02,L,1
2020-01-03,M,0
2020-01-03,N,0
2020-01-03,J,0
2020-01-03,O,0
2020-01-03,P,1
2020-01-03,L,0
2020-01-04,K,0
2020-01-04,M,0
2020-01-04,N,0
2020-01-04,J,0
2020-01-04,O,0
2020-01-04,P,2
2020-01-04,L,0
2020-01-05,K,1
2020-01-05,M,0
2020-01-05,N,0
2020-01-05,J,0
2020-01-05,O,0
2020-01-05,P,0
2020-01-05,L,0
2020-01-06,K,0
2020-01-06,M,1
2020-01-06,N,0
2020-01-06,J,0
2020-01-06,O,0
2020-01-06,P,1
2020-01-06,L,0
2020-01-07,K,0
2020-01-07,M,0
2020-01-07,N,0
2020-01-07,J,0
2020-01-07,O,0
2020-01-07,P,0
2020-01-07,L,0
2020-01-08,M,0
2020-01-08,N,0
2020-01-08,J,0
2020-01-08,O,0
2020-01-08,P,0
2020-01-08,L,0
2020-01-09,K,8
2020-01-09,M,0
2020-01-09,N,0
2020-01-09,J,0
2020-01-09,O,0
2020-01-09,P,0
2020-01-09,L,0
2020-01-10,K,1
2020-01-10,M,0
2020-01-10,N,0
2020-01-10,J,0
2020-01-10,O,0
2020-01-10,P,1
2020-01-10,L,0
2020-01-11,K,3
2020-01-11,M,0
2020-01-11,N,0
2020-01-11,J,0
2020-01-11,O,0
2020-01-11,P,1
2020-01-11,L,0
2020-01-12,K,0
2020-01-12,M,0
2020-01-12,N,0
2020-01-12,J,0
2020-01-12,O,0
2020-01-12,P,1
2020-01-12,L,1
2020-01-13,K,0
2020-01-13,M,0
2020-01-13,N,0
2020-01-13,J,0
2020-01-13,O,0
2020-01-13,P,0
2020-01-13,L,0
2020-01-14,K,0
2020-01-14,M,0
2020-01-14,N,0
2020-01-14,J,0
2020-01-14,O,0
2020-01-14,P,0
2020-01-14,L,1
2020-01-15,K,0
2020-01-15,M,0
2020-01-15,N,0
2020-01-15,J,0
2020-01-15,O,0
2020-01-15,P,2
2020-01-15,L,0
2020-01-16,K,1
2020-01-16,M,0
2020-01-16,N,0
2020-01-16,J,0
2020-01-16,O,3
2020-01-16,P,1
2020-01-16,L,0
2020-01-17,K,1
2020-01-17,M,110
2020-01-17,N,0
2020-01-17,J,0
2020-01-17,O,2
2020-01-17,P,1
2020-01-17,L,1
2020-01-18,K,50
2020-01-18,M,10
2020-01-18,N,0
2020-01-18,J,0
2020-01-18,O,0
2020-01-18,P,0
2020-01-18,L,0
2020-01-19,K,0
2020-01-19,M,80
2020-01-19,N,0
2020-01-19,J,0
2020-01-19,O,1
2020-01-19,P,0
2020-01-19,L,0
2020-01-20,K,0
2020-01-20,M,0
2020-01-20,N,0
2020-01-20,J,0
2020-01-20,O,0
2020-01-20,P,0
2020-01-20,L,0
2020-01-21,K,0
2020-01-21,M,0
2020-01-21,N,0
2020-01-21,J,0
2020-01-21,O,0
2020-01-21,P,0
2020-01-21,L,0
2020-01-22,K,0
2020-01-22,M,0
2020-01-22,N,0
2020-01-22,J,0
2020-01-22,O,1
2020-01-22,P,2
2020-01-22,L,1
2020-01-23,K,1
2020-01-23,M,153
2020-01-23,N,0
2020-01-23,J,0
2020-01-23,O,1
2020-01-23,P,2
2020-01-23,L,1
2020-01-24,K,9
2020-01-24,M,25
2020-01-24,N,0
2020-01-24,J,0
2020-01-24,O,0
2020-01-24,P,5
2020-01-24,L,0
2020-01-25,K,1
2020-01-25,M,0
2020-01-25,N,0
2020-01-25,J,0
2020-01-25,O,0
2020-01-25,P,2
2020-01-25,L,0
2020-01-26,K,2
2020-01-26,M,14
2020-01-26,N,0
2020-01-26,J,0
2020-01-26,O,1
2020-01-26,P,2
2020-01-26,L,0
2020-01-27,K,0
2020-01-27,M,0
2020-01-27,N,0
2020-01-27,J,0
2020-01-27,O,0
2020-01-27,P,1
2020-01-27,L,0
2020-01-28,K,0
2020-01-28,M,20
2020-01-28,N,0
2020-01-28,J,0
2020-01-28,O,0
2020-01-28,P,1
2020-01-28,L,0
2020-01-29,K,1
2020-01-29,M,1
2020-01-29,N,1
2020-01-29,J,0
2020-01-29,O,0
2020-01-29,P,0
2020-01-29,L,0
2020-01-30,K,501
2020-01-30,M,10
2020-01-30,N,0
2020-01-30,J,0
2020-01-30,O,0
2020-01-30,P,1
2020-01-30,L,0
2020-01-31,K,1
2020-01-31,M,101
2020-01-31,N,0
2020-01-31,J,0
2020-01-31,O,0
2020-01-31,P,2
2020-01-31,L,0
2020-02-01,K,0
2020-02-01,M,10
2020-02-01,N,0
2020-02-01,J,0
2020-02-01,O,1
2020-02-01,P,1
2020-02-01,L,0
2020-02-02,K,2
2020-02-02,M,20
2020-02-02,N,1
2020-02-02,J,0
2020-02-02,O,0
2020-02-02,P,0
2020-02-02,L,0
2020-02-03,K,0
2020-02-03,M,21
2020-02-03,N,0
2020-02-03,J,0
2020-02-03,O,0
2020-02-03,P,0
2020-02-03,L,0
2020-02-04,K,1
2020-02-04,M,1
2020-02-04,N,0
2020-02-04,J,0
2020-02-04,O,1
2020-02-04,P,1
2020-02-04,L,0
2020-02-05,K,30
2020-02-05,M,0
2020-02-05,N,0
2020-02-05,J,0
2020-02-05,O,0
2020-02-05,P,0
2020-02-05,L,0
2020-02-06,K,100
2020-02-06,M,0
2020-02-06,N,0
2020-02-06,J,0
2020-02-06,O,0
2020-02-06,P,1
2020-02-06,L,2
2020-02-07,K,1
2020-02-07,M,93
2020-02-07,N,1
2020-02-07,J,0
2020-02-07,O,0
2020-02-07,P,1
2020-02-07,L,0
2020-02-08,K,1
2020-02-08,M,1
2020-02-08,N,0
2020-02-08,J,0
2020-02-08,O,1
2020-02-08,P,0
2020-02-08,L,0
2020-02-09,K,1
2020-02-09,M,0
2020-02-09,N,0
2020-02-09,J,0
2020-02-09,O,1
2020-02-09,P,1
2020-02-09,L,0
2020-02-10,K,106
2020-02-10,M,0
2020-02-10,N,0
2020-02-10,J,0
2020-02-10,O,0
2020-02-10,P,2
2020-02-10,L,0
2020-02-11,K,1
2020-02-11,M,0
2020-02-11,N,0
2020-02-11,J,0
2020-02-11,O,0
2020-02-11,P,0
2020-02-11,L,0
2020-02-12,K,0
2020-02-12,M,1
2020-02-12,N,0
2020-02-12,J,0
2020-02-12,O,0
2020-02-12,P,0
2020-02-12,L,0
2020-02-13,K,0
2020-02-13,M,0
2020-02-13,N,0
2020-02-13,J,0
2020-02-13,O,0
2020-02-13,P,2
2020-02-13,L,1
2020-02-14,K,11
2020-02-14,M,0
2020-02-14,N,0
2020-02-14,J,0
2020-02-14,O,0
2020-02-14,P,0
2020-02-14,L,1
2020-02-15,K,10
2020-02-15,M,0
2020-02-15,N,0
2020-02-15,J,0
2020-02-15,O,0
2020-02-15,P,1
2020-02-15,L,0
2020-02-16,K,0
2020-02-16,M,0
2020-02-16,N,0
2020-02-16,J,0
2020-02-16,O,0
2020-02-16,P,1
2020-02-16,L,0
2020-02-17,K,5
2020-02-17,M,1
2020-02-17,N,0
2020-02-17,J,0
2020-02-17,O,0
2020-02-17,P,3
2020-02-17,L,0
2020-02-18,K,0
2020-02-18,M,0
2020-02-18,N,0
2020-02-18,J,0
2020-02-18,O,0
2020-02-18,P,0
2020-02-18,L,0
2020-02-19,K,0
2020-02-19,M,0
2020-02-19,N,0
2020-02-19,J,0
2020-02-19,O,1
2020-02-19,P,0
2020-02-19,L,0
2020-02-20,K,1
2020-02-20,M,0
2020-02-20,N,0
2020-02-20,J,0
2020-02-20,O,2
2020-02-20,P,1
2020-02-20,L,0
2020-02-21,K,0
2020-02-21,M,0
2020-02-21,N,0
2020-02-21,J,0
2020-02-21,O,0
2020-02-21,P,1
2020-02-21,L,0
2020-02-22,K,0
2020-02-22,M,0
2020-02-22,N,0
2020-02-22,J,0
2020-02-22,O,0
2020-02-22,P,1
2020-02-22,L,0
2020-02-23,K,0
2020-02-23,M,279
2020-02-23,N,0
2020-02-23,J,0
2020-02-23,O,1
2020-02-23,P,0
2020-02-23,L,0
2020-02-24,K,1
2020-02-24,M,232
2020-02-24,N,1
2020-02-24,J,0
2020-02-24,O,1
2020-02-24,P,3
2020-02-24,L,0
2020-02-25,K,0
2020-02-25,M,0
2020-02-25,N,0
2020-02-25,J,0
2020-02-25,O,0
2020-02-25,P,2
2020-02-25,L,0
2020-02-26,K,12
2020-02-26,M,50
2020-02-26,N,1
2020-02-26,J,0
2020-02-26,O,2
2020-02-26,P,0
2020-02-26,L,0
2020-02-27,K,0
2020-02-27,M,100
2020-02-27,N,0
2020-02-27,J,0
2020-02-27,O,0
2020-02-27,P,1
2020-02-27,L,0
2020-02-28,K,0
2020-02-28,M,0
2020-02-28,N,0
2020-02-28,J,0
2020-02-28,O,1
2020-02-28,P,1
2020-02-28,L,0
2020-02-29,K,1
2020-02-29,M,0
2020-02-29,N,0
2020-02-29,J,0
2020-02-29,O,0
2020-02-29,P,1
2020-02-29,L,0
2020-03-01,K,1
2020-03-01,M,1052
2020-03-01,N,1
2020-03-01,J,0
2020-03-01,O,2
2020-03-01,P,4
2020-03-01,L,0
2020-03-02,K,0
2020-03-02,M,1
2020-03-02,N,0
2020-03-02,J,0
2020-03-02,O,0
2020-03-02,P,2
2020-03-02,L,2
2020-03-03,K,0
2020-03-03,M,10
2020-03-03,N,0
2020-03-03,J,0
2020-03-03,O,1
2020-03-03,P,2
2020-03-03,L,0
2020-03-04,K,0
2020-03-04,M,100
2020-03-04,N,1
2020-03-04,J,0
2020-03-04,O,0
2020-03-04,P,9
2020-03-04,L,0
2020-03-05,K,0
2020-03-05,M,0
2020-03-05,N,0
2020-03-05,J,0
2020-03-05,O,1
2020-03-05,P,1
2020-03-05,L,1
2020-03-06,K,0
2020-03-06,M,0
2020-03-06,N,0
2020-03-06,J,0
2020-03-06,O,0
2020-03-06,P,1
2020-03-06,L,6
2020-03-07,K,26
2020-03-07,M,0
2020-03-07,N,0
2020-03-07,J,100
2020-03-07,O,0
2020-03-07,P,0
2020-03-07,L,1
2020-03-08,K,1
2020-03-08,M,1
2020-03-08,N,0
2020-03-08,J,40
2020-03-08,O,0
2020-03-08,P,0
2020-03-08,L,0
2020-03-09,K,2
2020-03-09,M,0
2020-03-09,N,0
2020-03-09,J,0
2020-03-09,O,1
2020-03-09,P,0
2020-03-09,L,1
2020-03-10,K,12
2020-03-10,M,0
2020-03-10,N,1
2020-03-10,J,200
2020-03-10,O,101
2020-03-10,P,0
2020-03-10,L,0
2020-03-11,K,0
2020-03-11,M,0
2020-03-11,N,0
2020-03-11,J,0
2020-03-11,O,1
2020-03-11,P,0
2020-03-11,L,0
2020-03-12,K,2
2020-03-12,M,1
2020-03-12,N,1
2020-03-12,J,0
2020-03-12,O,1
2020-03-12,P,0
2020-03-12,L,0
2020-03-13,K,0
2020-03-13,M,0
2020-03-13,N,0
2020-03-13,J,0
2020-03-13,O,1
2020-03-13,P,0
2020-03-13,L,0
2020-03-14,K,1
2020-03-14,M,0
2020-03-14,N,1
2020-03-14,J,50
2020-03-14,O,0
2020-03-14,P,0
2020-03-14,L,0
2020-03-15,K,3
2020-03-15,M,10
2020-03-15,N,0
2020-03-15,J,0
2020-03-15,O,2
2020-03-15,P,1
2020-03-15,L,0
2020-03-16,K,0
2020-03-16,M,0
2020-03-16,N,0
2020-03-16,J,0
2020-03-16,O,1
2020-03-16,P,0
2020-03-16,L,0
2020-03-17,K,0
2020-03-17,M,9
2020-03-17,N,0
2020-03-17,J,0
2020-03-17,O,0
2020-03-17,P,0
2020-03-17,L,0
2020-03-18,K,0
2020-03-18,M,0
2020-03-18,N,10
2020-03-18,J,100
2020-03-18,O,0
2020-03-18,P,0
2020-03-18,L,0
2020-03-19,K,0
2020-03-19,M,0
2020-03-19,N,0
2020-03-19,J,0
2020-03-19,O,0
2020-03-19,P,0
2020-03-19,L,0
2020-03-20,K,2
2020-03-20,M,0
2020-03-20,N,0
2020-03-20,J,0
2020-03-20,O,0
2020-03-20,P,0
2020-03-20,L,0
2020-03-21,K,1
2020-03-21,M,1
2020-03-21,N,0
2020-03-21,J,0
2020-03-21,O,0
2020-03-21,P,0
2020-03-21,L,1
2020-03-22,K,0
2020-03-22,M,0
2020-03-22,N,0
2020-03-22,J,0
2020-03-22,O,0
2020-03-22,P,0
2020-03-22,L,0
2020-03-23,K,2
2020-03-23,M,0
2020-03-23,N,0
2020-03-23,J,1
2020-03-23,O,0
2020-03-23,P,0
2020-03-23,L,0
2020-03-24,K,9
2020-03-24,M,0
2020-03-24,N,0
2020-03-24,J,0
2020-03-24,O,2
2020-03-24,P,0
2020-03-24,L,2
2020-03-25,K,9
2020-03-25,M,0
2020-03-25,N,0
2020-03-25,J,0
2020-03-25,O,1
2020-03-25,P,0
2020-03-25,L,0
2020-03-26,K,0
2020-03-26,M,0
2020-03-26,N,4
2020-03-26,J,0
2020-03-26,O,2
2020-03-26,P,1
2020-03-26,L,0
2020-03-27,K,0
2020-03-27,M,0
2020-03-27,N,0
2020-03-27,J,0
2020-03-27,O,0
2020-03-27,P,0
2020-03-27,L,0
2020-03-28,K,0
2020-03-28,M,0
2020-03-28,N,0
2020-03-28,J,0
2020-03-28,O,0
2020-03-28,P,0
2020-03-28,L,0
2020-03-29,K,1
2020-03-29,M,0
2020-03-29,N,0
2020-03-29,J,0
2020-03-29,O,0
2020-03-29,P,0
2020-03-29,L,0
2020-03-30,K,0
2020-03-30,M,0
2020-03-30,N,0
2020-03-30,J,0
2020-03-30,O,0
2020-03-30,P,0
2020-03-30,L,2
2020-03-31,K,2
2020-03-31,M,0
2020-03-31,N,1
2020-03-31,J,0
2020-03-31,O,4
2020-03-31,P,0
2020-03-31,L,0
2020-04-01,K,0
2020-04-01,M,22
2020-04-01,N,0
2020-04-01,J,0
2020-04-01,O,0
2020-04-01,P,0
2020-04-01,L,1
2020-04-02,K,0
2020-04-02,M,0
2020-04-02,N,2
2020-04-02,J,0
2020-04-02,O,1
2020-04-02,P,0
2020-04-02,L,4
2020-04-03,K,0
2020-04-03,M,0
2020-04-03,N,1
2020-04-03,J,0
2020-04-03,O,0
2020-04-03,P,0
2020-04-03,L,0
2020-04-04,K,0
2020-04-04,M,4
2020-04-04,N,3
2020-04-04,J,0
2020-04-04,O,1
2020-04-04,P,0
2020-04-04,L,1
2020-04-05,K,0
2020-04-05,M,0
2020-04-05,N,0
2020-04-05,J,0
2020-04-05,O,1
2020-04-05,P,0
2020-04-05,L,0
2020-04-06,K,0
2020-04-06,M,0
2020-04-06,N,1
2020-04-06,J,0
2020-04-06,O,1
2020-04-06,P,0
2020-04-06,L,38
2020-04-07,K,0
2020-04-07,M,0
2020-04-07,N,0
2020-04-07,J,0
2020-04-07,O,0
2020-04-07,P,0
2020-04-07,L,338
2020-04-08,K,2
2020-04-08,M,3
2020-04-08,N,1
2020-04-08,J,0
2020-04-08,O,1
2020-04-08,P,0
2020-04-08,L,288
2020-04-09,K,0
2020-04-09,M,0
2020-04-09,N,0
2020-04-09,J,0
2020-04-09,O,0
2020-04-09,P,0
2020-04-09,L,20
2020-04-10,K,0
2020-04-10,M,0
2020-04-10,N,0
2020-04-10,J,0
2020-04-10,O,1
2020-04-10,P,1
2020-04-10,L,124
2020-04-11,K,4
2020-04-11,M,20
2020-04-11,N,0
2020-04-11,J,0
2020-04-11,O,0
2020-04-11,P,1
2020-04-11,L,20
2020-04-12,K,17
2020-04-12,M,1
2020-04-12,N,0
2020-04-12,J,0
2020-04-12,O,2
2020-04-12,P,0
2020-04-12,L,142
2020-04-13,K,0
2020-04-13,M,0
2020-04-13,N,0
2020-04-13,J,0
2020-04-13,O,3
2020-04-13,P,0
2020-04-13,L,109
2020-04-14,K,3
2020-04-14,M,40
2020-04-14,N,0
2020-04-14,J,0
2020-04-14,O,2
2020-04-14,P,0
2020-04-14,L,99
2020-04-15,K,10
2020-04-15,M,120
2020-04-15,N,7
2020-04-15,J,0
2020-04-15,O,703
2020-04-15,P,0
2020-04-15,L,0
2020-04-16,K,0
2020-04-16,M,3
2020-04-16,N,0
2020-04-16,J,0
2020-04-16,O,0
2020-04-16,P,0
2020-04-16,L,20
2020-04-17,K,0
2020-04-17,M,75
2020-04-17,N,33
2020-04-17,J,44
2020-04-17,O,0
2020-04-17,P,0
2020-04-17,L,0
2020-04-18,K,0
2020-04-18,M,4
2020-04-18,N,0
2020-04-18,J,0
2020-04-18,O,0
2020-04-18,P,0
2020-04-18,L,1
2020-04-19,K,0
2020-04-19,M,0
2020-04-19,N,0
2020-04-19,J,0
2020-04-19,O,0
2020-04-19,P,0
2020-04-19,L,2
2020-04-20,K,0
2020-04-20,M,0
2020-04-20,N,2
2020-04-20,J,0
2020-04-20,O,10
2020-04-20,P,0
2020-04-20,L,0
2020-04-21,K,2
2020-04-21,M,0
2020-04-21,N,1
2020-04-21,J,0
2020-04-21,O,0
2020-04-21,P,0
2020-04-21,L,0
2020-04-22,K,0
2020-04-22,M,0
2020-04-22,N,1
2020-04-22,J,0
2020-04-22,O,0
2020-04-22,P,0
2020-04-22,L,2
2020-04-23,K,0
2020-04-23,M,0
2020-04-23,N,3
2020-04-23,J,0
2020-04-23,O,244
2020-04-23,P,0
2020-04-23,L,0
2020-04-24,K,0
2020-04-24,M,5
2020-04-24,N,0
2020-04-24,J,0
2020-04-24,O,0
2020-04-24,P,0
2020-04-24,L,1
2020-04-25,K,0
2020-04-25,M,0
2020-04-25,N,1
2020-04-25,J,0
2020-04-25,O,0
2020-04-25,P,0
2020-04-25,L,8
2020-04-26,K,0
2020-04-26,M,0
2020-04-26,N,0
2020-04-26,J,0
2020-04-26,O,0
2020-04-26,P,0
2020-04-26,L,0
2020-04-27,K,0
2020-04-27,M,0
2020-04-27,N,0
2020-04-27,J,0
2020-04-27,O,7
2020-04-27,P,0
2020-04-27,L,1
2020-04-28,K,1
2020-04-28,M,0
2020-04-28,N,0
2020-04-28,J,0
2020-04-28,O,0
2020-04-28,P,0
2020-04-28,L,0
2020-04-29,K,1
2020-04-29,M,0
2020-04-29,N,1
2020-04-29,J,1
2020-04-29,O,0
2020-04-29,P,0
2020-04-29,L,2
2020-04-30,K,0
2020-04-30,M,10
2020-04-30,N,1
2020-04-30,J,0
2020-04-30,O,0
2020-04-30,P,0
2020-04-30,L,0
2020-05-01,K,0
2020-05-01,M,2
2020-05-01,N,0
2020-05-01,J,0
2020-05-01,O,0
2020-05-01,P,0
2020-05-01,L,0
2020-05-02,K,4
2020-05-02,M,0
2020-05-02,N,0
2020-05-02,J,0
2020-05-02,O,0
2020-05-02,P,0
2020-05-02,L,5
2020-05-03,K,0
2020-05-03,M,0
2020-05-03,N,0
2020-05-03,J,0
2020-05-03,O,0
2020-05-03,P,0
2020-05-03,L,0
2020-05-04,K,10
2020-05-04,M,0
2020-05-04,N,1
2020-05-04,J,0
2020-05-04,O,0
2020-05-04,P,0
2020-05-04,L,208
2020-05-05,K,2
2020-05-05,M,0
2020-05-05,N,14
2020-05-05,J,0
2020-05-05,O,0
2020-05-05,P,0
2020-05-05,L,1
2020-05-06,K,0
2020-05-06,M,0
2020-05-06,N,2
2020-05-06,J,0
2020-05-06,O,0
2020-05-06,P,0
2020-05-06,L,256
2020-05-07,K,2
2020-05-07,M,0
2020-05-07,N,1
2020-05-07,J,0
2020-05-07,O,0
2020-05-07,P,0
2020-05-07,L,0
2020-05-08,K,0
2020-05-08,M,0
2020-05-08,N,2
2020-05-08,J,0
2020-05-08,O,0
2020-05-08,P,0
2020-05-08,L,0
2020-05-09,K,0
2020-05-09,M,0
2020-05-09,N,4
2020-05-09,J,0
2020-05-09,O,0
2020-05-09,P,0
2020-05-09,L,327
2020-05-10,K,0
2020-05-10,M,0
2020-05-10,N,1
2020-05-10,J,5
2020-05-10,O,0
2020-05-10,P,0
2020-05-10,L,36
2020-05-11,K,2
2020-05-11,M,0
2020-05-11,N,1
2020-05-11,J,0
2020-05-11,O,11
2020-05-11,P,2
2020-05-11,L,24
2020-05-12,K,0
2020-05-12,M,0
2020-05-12,N,1
2020-05-12,J,0
2020-05-12,O,0
2020-05-12,P,0
2020-05-12,L,0
2020-05-13,K,10
2020-05-13,M,0
2020-05-13,N,0
2020-05-13,J,0
2020-05-13,O,0
2020-05-13,P,0
2020-05-13,L,0
2020-05-14,K,0
2020-05-14,M,0
2020-05-14,N,2
2020-05-14,J,0
2020-05-14,O,0
2020-05-14,P,2
2020-05-14,L,142
2020-05-15,K,1
2020-05-15,M,0
2020-05-15,N,1
2020-05-15,J,0
2020-05-15,O,0
2020-05-15,P,0
2020-05-15,L,509
2020-05-16,K,2
2020-05-16,M,1
2020-05-16,N,2
2020-05-16,J,0
2020-05-16,O,0
2020-05-16,P,1
2020-05-16,L,464
2020-05-17,K,2
2020-05-17,M,11
2020-05-17,N,0
2020-05-17,J,0
2020-05-17,O,0
2020-05-17,P,6
2020-05-17,L,308
2020-05-18,K,2
2020-05-18,M,0
2020-05-18,N,2
2020-05-18,J,0
2020-05-18,O,0
2020-05-18,P,0
2020-05-18,L,146
2020-05-19,K,2
2020-05-19,M,0
2020-05-19,N,1
2020-05-19,J,0
2020-05-19,O,0
2020-05-19,P,0
2020-05-19,L,91
2020-05-20,K,0
2020-05-20,M,0
2020-05-20,N,0
2020-05-20,J,0
2020-05-20,O,0
2020-05-20,P,1
2020-05-20,L,47
2020-05-21,K,20
2020-05-21,M,0
2020-05-21,N,1
2020-05-21,J,0
2020-05-21,O,0
2020-05-21,P,1
2020-05-21,L,82
2020-05-22,K,1
2020-05-22,M,0
2020-05-22,N,2
2020-05-22,J,0
2020-05-22,O,0
2020-05-22,P,1
2020-05-22,L,180
2020-05-23,K,1
2020-05-23,M,0
2020-05-23,N,2
2020-05-23,J,0
2020-05-23,O,0
2020-05-23,P,5
2020-05-23,L,97
2020-05-24,K,0
2020-05-24,M,0
2020-05-24,N,0
2020-05-24,J,0
2020-05-24,O,0
2020-05-24,P,0
2020-05-24,L,144
2020-05-25,K,0
2020-05-25,M,1
2020-05-25,N,1
2020-05-25,J,0
2020-05-25,O,0
2020-05-25,P,0
2020-05-25,L,26
2020-05-26,K,1
2020-05-26,M,31
2020-05-26,N,1
2020-05-26,J,0
2020-05-26,O,0
2020-05-26,P,1
2020-05-26,L,338
2020-05-27,K,2
2020-05-27,M,0
2020-05-27,N,1
2020-05-27,J,0
2020-05-27,O,0
2020-05-27,P,1
2020-05-27,L,196
2020-05-28,K,0
2020-05-28,M,0
2020-05-28,N,1
2020-05-28,J,0
2020-05-28,O,0
2020-05-28,P,0
2020-05-28,L,319
2020-05-29,K,0
2020-05-29,M,0
2020-05-29,N,0
2020-05-29,J,0
2020-05-29,O,0
2020-05-29,P,3
2020-05-29,L,274
2020-05-30,K,0
2020-05-30,M,0
2020-05-30,N,0
2020-05-30,J,0
2020-05-30,O,0
2020-05-30,P,0
2020-05-30,L,71
2020-05-31,K,0
2020-05-31,M,9
2020-05-31,N,0
2020-05-31,J,0
2020-05-31,O,0
2020-05-31,P,9
2020-05-31,L,243
2020-06-02,K,1
2020-06-02,M,0
2020-06-02,N,1
2020-06-02,J,0
2020-06-02,O,0
2020-06-02,P,0
2020-06-02,L,94
2020-06-03,K,0
2020-06-03,M,4
2020-06-03,N,1
2020-06-03,J,0
2020-06-03,O,0
2020-06-03,P,0
2020-06-03,L,352
2020-06-04,K,0
2020-06-04,M,8
2020-06-04,N,1
2020-06-04,J,0
2020-06-04,O,0
2020-06-04,P,0
2020-06-04,L,84
2020-06-05,K,0
2020-06-05,M,0
2020-06-05,N,3
2020-06-05,J,0
2020-06-05,O,0
2020-06-05,P,0
2020-06-05,L,318
2020-06-06,K,0
2020-06-06,M,0
2020-06-06,N,0
2020-06-06,J,0
2020-06-06,O,0
2020-06-06,P,0
2020-06-06,L,231
2020-06-07,K,0
2020-06-07,M,1
2020-06-07,N,0
2020-06-07,J,0
2020-06-07,O,0
2020-06-07,P,0
2020-06-07,L,0
2020-06-08,K,0
2020-06-08,M,40
2020-06-08,N,0
2020-06-08,J,0
2020-06-08,O,0
2020-06-08,P,0
2020-06-08,L,2
2020-06-09,K,0
2020-06-09,M,1
2020-06-09,N,0
2020-06-09,J,0
2020-06-09,O,0
2020-06-09,P,0
2020-06-09,L,1
2020-06-10,K,1
2020-06-10,M,29
2020-06-10,N,1
2020-06-10,J,0
2020-06-10,O,0
2020-06-10,P,0
2020-06-10,L,0
2020-06-11,K,0
2020-06-11,M,0
2020-06-11,N,0
2020-06-11,J,0
2020-06-11,O,0
2020-06-11,P,0
2020-06-11,L,0
2020-06-12,K,0
2020-06-12,M,34
2020-06-12,N,1
2020-06-12,J,0
2020-06-12,O,0
2020-06-12,P,0
2020-06-12,L,8
2020-06-13,K,0
2020-06-13,M,0
2020-06-13,N,1
2020-06-13,J,0
2020-06-13,O,0
2020-06-13,P,0
2020-06-13,L,0
2020-06-14,K,0
2020-06-14,M,0
2020-06-14,N,0
2020-06-14,J,0
2020-06-14,O,0
2020-06-14,P,0
2020-06-14,L,0
2020-06-15,K,0
2020-06-15,M,0
2020-06-15,N,0
2020-06-15,J,0
2020-06-15,O,0
2020-06-15,P,0
2020-06-15,L,412
2020-06-16,K,0
2020-06-16,M,0
2020-06-16,N,0
2020-06-16,J,0
2020-06-16,O,0
2020-06-16,P,0
2020-06-16,L,355
2020-06-17,K,13
2020-06-17,M,0
2020-06-17,N,0
2020-06-17,J,0
2020-06-17,O,0
2020-06-17,P,0
2020-06-17,L,780
2020-06-18,K,0
2020-06-18,M,0
2020-06-18,N,0
2020-06-18,J,0
2020-06-18,O,0
2020-06-18,P,1
2020-06-18,L,32
2020-06-19,K,0
2020-06-19,M,0
2020-06-19,N,0
2020-06-19,J,0
2020-06-19,O,0
2020-06-19,P,770
2020-06-19,L,74
2020-06-20,K,0
2020-06-20,M,0
2020-06-20,N,0
2020-06-20,J,0
2020-06-20,O,0
2020-06-20,P,0
2020-06-20,L,0
2020-06-21,K,0
2020-06-21,M,0
2020-06-21,N,0
2020-06-21,J,0
2020-06-21,O,0
2020-06-21,P,0
2020-06-21,L,0
2020-06-22,K,1
2020-06-22,M,1
2020-06-22,N,0
2020-06-22,J,0
2020-06-22,O,0
2020-06-22,P,0
2020-06-22,L,0
2020-06-23,K,1
2020-06-23,M,56
2020-06-23,N,0
2020-06-23,J,0
2020-06-23,O,0
2020-06-23,P,0
2020-06-23,L,686
2020-06-24,K,0
2020-06-24,M,78
2020-06-24,N,0
2020-06-24,J,1
2020-06-24,O,0
2020-06-24,P,0
2020-06-24,L,809
2020-06-25,K,0
2020-06-25,M,0
2020-06-25,N,2
2020-06-25,J,0
2020-06-25,O,0
2020-06-25,P,0
2020-06-25,L,0
2020-06-26,K,0
2020-06-26,M,58
2020-06-26,N,2
2020-06-26,J,0
2020-06-26,O,0
2020-06-26,P,0
2020-06-26,L,1167
2020-06-27,K,0
2020-06-27,M,0
2020-06-27,N,1
2020-06-27,J,0
2020-06-27,O,1
2020-06-27,P,2
2020-06-27,L,695
2020-06-28,K,1
2020-06-28,M,13
2020-06-28,N,1
2020-06-28,J,0
2020-06-28,O,0
2020-06-28,P,0
2020-06-28,L,1693
2020-06-29,K,0
2020-06-29,M,0
2020-06-29,N,0
2020-06-29,J,0
2020-06-29,O,0
2020-06-29,P,1
2020-06-29,L,0
2020-06-30,K,2
2020-06-30,M,0
2020-06-30,N,0
2020-06-30,J,0
2020-06-30,O,0
2020-06-30,P,4
2020-06-30,L,1
2020-07-01,K,1
2020-07-01,M,0
2020-07-01,N,0
2020-07-01,J,0
2020-07-01,O,0
2020-07-01,P,1
2020-07-01,L,0
2020-07-02,K,0
2020-07-02,M,0
2020-07-02,N,0
2020-07-02,J,0
2020-07-02,O,2
2020-07-02,P,1
2020-07-02,L,1
2020-07-03,K,0
2020-07-03,M,30
2020-07-03,N,0
2020-07-03,J,0
2020-07-03,O,0
2020-07-03,P,1
2020-07-03,L,0
2020-07-04,K,0
2020-07-04,M,0
2020-07-04,N,0
2020-07-04,J,0
2020-07-04,O,1
2020-07-04,P,3
2020-07-04,L,0
2020-07-05,K,0
2020-07-05,M,0
2020-07-05,N,0
2020-07-05,J,0
2020-07-05,O,0
2020-07-05,P,0
2020-07-05,L,0
2020-07-06,K,0
2020-07-06,M,301
2020-07-06,N,0
2020-07-06,J,0
2020-07-06,O,0
2020-07-06,P,0
2020-07-06,L,0
2020-07-07,K,0
2020-07-07,M,0
2020-07-07,N,1
2020-07-07,J,0
2020-07-07,O,0
2020-07-07,P,1
2020-07-07,L,34
2020-07-08,K,1
2020-07-08,M,0
2020-07-08,N,0
2020-07-08,J,0
2020-07-08,O,1
2020-07-08,P,0
2020-07-08,L,0
2020-07-09,K,0
2020-07-09,M,51
2020-07-09,N,1
2020-07-09,J,0
2020-07-09,O,0
2020-07-09,P,0
2020-07-09,L,0
2020-07-10,K,1
2020-07-10,M,0
2020-07-10,N,0
2020-07-10,J,0
2020-07-10,O,1
2020-07-10,P,100
2020-07-10,L,1
2020-07-11,K,0
2020-07-11,M,20
2020-07-11,N,0
2020-07-11,J,0
2020-07-11,O,0
2020-07-11,P,105
2020-07-11,L,1
2020-07-12,K,1
2020-07-12,M,0
2020-07-12,N,0
2020-07-12,J,0
2020-07-12,O,0
2020-07-12,P,0
2020-07-12,L,520
2020-07-13,K,0
2020-07-13,M,0
2020-07-13,N,0
2020-07-13,J,0
2020-07-13,O,1
2020-07-13,P,0
2020-07-13,L,427
2020-07-14,K,0
2020-07-14,M,0
2020-07-14,N,0
2020-07-14,J,0
2020-07-14,O,0
2020-07-14,P,0
2020-07-14,L,0
2020-07-15,K,2
2020-07-15,M,12
2020-07-15,N,0
2020-07-15,J,0
2020-07-15,O,0
2020-07-15,P,0
2020-07-15,L,0
2020-07-16,K,0
2020-07-16,M,2
2020-07-16,N,1
2020-07-16,J,0
2020-07-16,O,0
2020-07-16,P,1
2020-07-16,L,0
2020-07-17,K,2
2020-07-17,M,111
2020-07-17,N,0
2020-07-17,J,0
2020-07-17,O,0
2020-07-17,P,0
2020-07-17,L,0
2020-07-18,K,0
2020-07-18,M,0
2020-07-18,N,0
2020-07-18,J,0
2020-07-18,O,0
2020-07-18,P,0
2020-07-18,L,0
2020-07-19,K,0
2020-07-19,M,0
2020-07-19,N,0
2020-07-19,J,0
2020-07-19,O,0
2020-07-19,P,0
2020-07-19,L,0
2020-07-20,K,0
2020-07-20,M,0
2020-07-20,N,0
2020-07-20,J,0
2020-07-20,O,0
2020-07-20,P,0
2020-07-20,L,354
2020-07-21,K,0
2020-07-21,M,0
2020-07-21,N,0
2020-07-21,J,0
2020-07-21,O,1
2020-07-21,P,0
2020-07-21,L,351
2020-07-22,K,2
2020-07-22,M,0
2020-07-22,N,0
2020-07-22,J,0
2020-07-22,O,1
2020-07-22,P,1
2020-07-22,L,543
2020-07-23,K,3
2020-07-23,M,10
2020-07-23,N,0
2020-07-23,J,0
2020-07-23,O,0
2020-07-23,P,0
2020-07-23,L,179
2020-07-24,K,1
2020-07-24,M,1
2020-07-24,N,0
2020-07-24,J,0
2020-07-24,O,0
2020-07-24,P,0
2020-07-24,L,322
2020-07-25,K,1
2020-07-25,M,0
2020-07-25,N,1
2020-07-25,J,0
2020-07-25,O,1
2020-07-25,P,0
2020-07-25,L,970
2020-07-26,K,0
2020-07-26,M,0
2020-07-26,N,0
2020-07-26,J,0
2020-07-26,O,0
2020-07-26,P,0
2020-07-26,L,0
2020-07-27,K,0
2020-07-27,M,10
2020-07-27,N,1
2020-07-27,J,400
2020-07-27,O,0
2020-07-27,P,0
2020-07-27,L,1
2020-07-28,K,0
2020-07-28,M,1
2020-07-28,N,0
2020-07-28,J,0
2020-07-28,O,610
2020-07-28,P,1
2020-07-28,L,0
2020-07-29,K,0
2020-07-29,M,0
2020-07-29,N,3
2020-07-29,J,0
2020-07-29,O,1
2020-07-29,P,0
2020-07-29,L,0
2020-07-30,K,0
2020-07-30,M,0
2020-07-30,N,1
2020-07-30,J,0
2020-07-30,O,162
2020-07-30,P,651
2020-07-30,L,18
2020-07-31,K,0
2020-07-31,M,0
2020-07-31,N,0
2020-07-31,J,0
2020-07-31,O,0
2020-07-31,P,0
2020-07-31,L,658
2020-08-01,K,0
2020-08-01,M,2
2020-08-01,N,0
2020-08-01,J,0
2020-08-01,O,1
2020-08-01,P,0
2020-08-01,L,0
2020-08-02,K,0
2020-08-02,M,0
2020-08-02,N,0
2020-08-02,J,0
2020-08-02,O,1
2020-08-02,P,0
2020-08-02,L,0
2020-08-03,K,0
2020-08-03,M,0
2020-08-03,N,0
2020-08-03,J,0
2020-08-03,O,0
2020-08-03,P,0
2020-08-03,L,71
2020-08-04,K,0
2020-08-04,M,0
2020-08-04,N,2
2020-08-04,J,0
2020-08-04,O,1
2020-08-04,P,21
2020-08-04,L,484
2020-08-05,K,0
2020-08-05,M,1
2020-08-05,N,0
2020-08-05,J,0
2020-08-05,O,1
2020-08-05,P,0
2020-08-05,L,0
2020-08-06,K,2
2020-08-06,M,0
2020-08-06,N,0
2020-08-06,J,0
2020-08-06,O,0
2020-08-06,P,0
2020-08-06,L,0
2020-08-07,K,1
2020-08-07,M,1
2020-08-07,N,0
2020-08-07,J,0
2020-08-07,O,6
2020-08-07,P,75
2020-08-07,L,8
2020-08-08,K,0
2020-08-08,M,45
2020-08-08,N,1
2020-08-08,J,0
2020-08-08,O,206
2020-08-08,P,7
2020-08-08,L,26
2020-08-09,K,0
2020-08-09,M,10
2020-08-09,N,0
2020-08-09,J,0
2020-08-09,O,1
2020-08-09,P,0
2020-08-09,L,2
2020-08-10,K,4
2020-08-10,M,0
2020-08-10,N,0
2020-08-10,J,0
2020-08-10,O,2
2020-08-10,P,1
2020-08-10,L,28
2020-08-11,K,1
2020-08-11,M,0
2020-08-11,N,0
2020-08-11,J,64
2020-08-11,O,0
2020-08-11,P,1
2020-08-11,L,0
2020-08-12,K,0
2020-08-12,M,1
2020-08-12,N,0
2020-08-12,J,0
2020-08-12,O,1
2020-08-12,P,0
2020-08-12,L,0
